"sample_name","sample_title","patient","timepoint","year","barcode_seq","linker_primer_seq","reverse_primer_seq","primer_pair","sample_type","host_body_product","study_group","status","symptoms","collection_date","birth_date","host_age","host_sex","ethnicity","diagnosis_date","restricted_diet","elemental_diet","breastfed","ppi","swallowed_steroid","inhaled_steroid","nasal_steroid","food_allergy","egd_eosperhpf","interventiodn","status_change","BioProject","BioSample","SRA_Study","SRA_Sample","Run"
"EOE_2012_110.1B","110.1B","110",0,2012,"TCGTGAAC","CTGCTGCCTYCCGTA","AGAGTTTGATCCTGGCTCAG",302,"biopsy","biopsy","control","control","GER",2011-01-20,2000-06-17,"10 years 7 Months","Male","White",,"No","No","Unknown","Yes","No","No","No","No","0","OD","5",,,,,
"EOE_2012_110.1S","110.1S","110",0,2012,"ATTAGGCC","CTGCTGCCTYCCGTA","AGAGTTTGATCCTGGCTCAG",274,"swab","swab","control","control","GER",2011-01-20,2000-06-17,"10 years 7 Months","Male","White",,"No","No","Unknown","Yes","No","No","No","No","0","OD","5","PRJNA451431","SAMN08970596","SRP142289","SRS3211962","SRR7056488"
"EOE_2014_115.1S","115.1S","115",1,2014,"ACCTTGGA","CTGCTGCCTYCCGTA","AGAGTTTGATCCTGGCTCAG",201,"swab","swab","EoE","Inactive ","NONE",2011-01-21,2006-07-16,"4 years 6 Months","Male","White",2010-10-13,"Yes","No","Yes","Yes","No","No","No","Yes","3","RD","3","PRJNA451431","SAMN08970597","SRP142289","SRS3211961","SRR7056487"
"EOE_2014_115.2B","115.2B","115",2,2014,"CAGTTCAG","CTGCTGCCTYCCGTA","AGAGTTTGATCCTGGCTCAG",332,"biopsy","biopsy","EoE","Active ","NONE",2013-11-15,2006-07-16,"7 years 3 Months","Male","White",2010-10-13,"Yes","No","Yes","Yes","No","No","Yes","Yes","100","D","3","PRJNA451431","SAMN08970598","SRP142289","SRS3211963","SRR7056486"
"EOE_2014_115.2S","115.2S","115",2,2014,"TTCGGCAA","CTGCTGCCTYCCGTA","AGAGTTTGATCCTGGCTCAG",255,"swab","swab","EoE","Active ","NONE",2013-11-15,2006-07-16,"7 years 3 Months","Male","White",2010-10-13,"Yes","No","Yes","Yes","No","No","Yes","Yes","100","D","3","PRJNA451431","SAMN08970599","SRP142289","SRS3211957","SRR7056493"
"EOE_2014_116.2B","116.2B","116",1,2014,"GGATTACC","CTGCTGCCTYCCGTA","AGAGTTTGATCCTGGCTCAG",291,"biopsy","biopsy","EoE","Inactive ","UNKNOWN",2011-04-20,2004-07-09,"6 years 9 Months","Male","White",2006-12-14,"Yes","No","Unknown","Yes","No","No","No","Yes","0","RD","3","PRJNA451431","SAMN08970600","SRP142289","SRS3211956","SRR7056492"
"EOE_2014_116.2S","116.2S","116",1,2014,"CGTTCGAA","CTGCTGCCTYCCGTA","AGAGTTTGATCCTGGCTCAG",225,"swab","swab","EoE","Inactive ","UNKNOWN",2011-04-20,2004-07-09,"6 years 9 Months","Male","White",2006-12-14,"Yes","No","Unknown","Yes","No","No","No","Yes","0","RD","3","PRJNA451431","SAMN08970601","SRP142289","SRS3211959","SRR7056491"
"EOE_2014_116.3B","116.3B","116",2,2014,"CCATTAGG","CTGCTGCCTYCCGTA","AGAGTTTGATCCTGGCTCAG",333,"biopsy","biopsy","EoE","Active ","NONE",2011-08-24,2004-07-09,"7 years 1 Months","Male","White",2006-12-14,"Yes","No","Unknown","Yes","No","No","No","Yes","50","D","3","PRJNA451431","SAMN08970602","SRP142289","SRS3211958","SRR7056490"
"EOE_2014_116.3S","116.3S","116",2,2014,"TTGCCGAA","CTGCTGCCTYCCGTA","AGAGTTTGATCCTGGCTCAG",256,"swab","swab","EoE","Active ","NONE",2011-08-24,2004-07-09,"7 years 1 Months","Male","White",2006-12-14,"Yes","No","Unknown","Yes","No","No","No","Yes","50","D","3","PRJNA451431","SAMN08970603","SRP142289","SRS3211964","SRR7056485"
"EOE_2012_117.1B","117.1B","117",1,2012,"CGTTAAGC","CTGCTGCCTYCCGTA","AGAGTTTGATCCTGGCTCAG",282,"biopsy","biopsy","EoE","Inactive","NONE",2011-01-21,2002-01-09,"9 years 0 Months","Male","White",2007-02-08,"Yes","No","Unknown","Yes","No","Yes","Yes","Yes","2","RD","3","PRJNA451431","SAMN08970604","SRP142289","SRS3211966","SRR7056484"
"EOE_2012_117.1S","117.1S","117",1,2012,"CATCTGGA","CTGCTGCCTYCCGTA","AGAGTTTGATCCTGGCTCAG",213,"swab","swab","EoE","Inactive","NONE",2011-01-21,2002-01-09,"9 years 0 Months","Male","White",2007-02-08,"Yes","No","Unknown","Yes","No","Yes","Yes","Yes","2","RD","3","PRJNA451431","SAMN08970605","SRP142289","SRS3211936","SRR7056513"
"EOE_2012_117.2B","117.2B","117",2,2012,"ACGACTTG","CTGCTGCCTYCCGTA","AGAGTTTGATCCTGGCTCAG",322,"biopsy","biopsy","EoE","Active","UNKNOWN",2011-04-11,2002-01-09,"9 years 3 Months","Male","White",2007-02-08,"Yes","No","Unknown","Yes","No","Yes","No","Yes","20","D","3","PRJNA451431","SAMN08970606","SRP142289","SRS3211940","SRR7056512"
"EOE_2012_117.2S","117.2S","117",2,2012,"GCTTCGAA","CTGCTGCCTYCCGTA","AGAGTTTGATCCTGGCTCAG",237,"swab","swab","EoE","Active","UNKNOWN",2011-04-11,2002-01-09,"9 years 3 Months","Male","White",2007-02-08,"Yes","No","Unknown","Yes","No","Yes","No","Yes","20","D","3","PRJNA451431","SAMN08970607","SRP142289","SRS3211932","SRR7056515"
"EOE_2012_123.1B","123.1B","123",1,2012,"CTAGGATC","CTGCTGCCTYCCGTA","AGAGTTTGATCCTGGCTCAG",283,"biopsy","biopsy","EoE","Inactive","NONE",2011-01-28,2005-05-29,"5 years 7 Months","Male","Other-American Indian",2010-05-12,"Yes","Yes","Yes","Yes","No","Yes","No","Yes","0","RD","4","PRJNA451431","SAMN08970608","SRP142289","SRS3211934","SRR7056514"
"EOE_2012_123.1S","123.1S","123",1,2012,"CCATGGTA","CTGCTGCCTYCCGTA","AGAGTTTGATCCTGGCTCAG",214,"swab","swab","EoE","Inactive","NONE",2011-01-28,2005-05-29,"5 years 7 Months","Male","Other-American Indian",2010-05-12,"Yes","Yes","Yes","Yes","No","Yes","No","Yes","0","RD","4","PRJNA451431","SAMN08970609","SRP142289","SRS3211931","SRR7056517"
"EOE_2012_123.2B","123.2B","123",2,2012,"AGCTTCGA","CTGCTGCCTYCCGTA","AGAGTTTGATCCTGGCTCAG",205,"biopsy","biopsy","EoE","Inactive","UNKNOWN",2011-04-22,2005-05-29,"5 years 10 Months","Male","Other-American Indian",2010-05-12,"Yes","Yes","Yes","No","No","No","No","Yes","0","D","4","PRJNA451431","SAMN08970610","SRP142289","SRS3211933","SRR7056516"
"EOE_2012_123.2S","123.2S","123",2,2012,"GCTTGCAA","CTGCTGCCTYCCGTA","AGAGTTTGATCCTGGCTCAG",238,"swab","swab","EoE","Inactive","UNKNOWN",2011-04-22,2005-05-29,"5 years 10 Months","Male","Other-American Indian",2010-05-12,"Yes","Yes","Yes","No","No","No","No","Yes","0","D","4","PRJNA451431","SAMN08970611","SRP142289","SRS3211929","SRR7056519"
"EOE_2012_125.1B","125.1B","125",0,2012,"TGCTGAAC","CTGCTGCCTYCCGTA","AGAGTTTGATCCTGGCTCAG",303,"biopsy","biopsy","control","control","NONE",2011-01-31,2008-12-12,"2 years 1 Months","Female","White",,"No","No","No","Yes","No","No","No","No","0","OD","5","PRJNA451431","SAMN08970612","SRP142289","SRS3211930","SRR7056518"
"EOE_2012_125.1S","125.1S","125",0,2012,"CAGTTGAC","CTGCTGCCTYCCGTA","AGAGTTTGATCCTGGCTCAG",276,"swab","swab","control","control","NONE",2011-01-31,2008-12-12,"2 years 1 Months","Female","White",,"No","No","No","Yes","No","No","No","No","0","OD","5","PRJNA451431","SAMN08970613","SRP142289","SRS3211938","SRR7056511"
"EOE_2012_127.1B","127.1B","127",1,2012,"CTAGGTAC","CTGCTGCCTYCCGTA","AGAGTTTGATCCTGGCTCAG",284,"biopsy","biopsy","EoE","Inactive","NONE",2011-02-04,2009-02-02,"2 years 0 Months","Female","White",2010-09-22,"Yes","Yes","Yes","Yes","No","No","No","Yes","2","RD","4","PRJNA451431","SAMN08970614","SRP142289","SRS3211937","SRR7056510"
"EOE_2012_127.1S","127.1S","127",1,2012,"CCGGTATA","CTGCTGCCTYCCGTA","AGAGTTTGATCCTGGCTCAG",216,"swab","swab","EoE","Inactive","NONE",2011-02-04,2009-02-02,"2 years 0 Months","Female","White",2010-09-22,"Yes","Yes","Yes","Yes","No","No","No","Yes","2","RD","4","PRJNA451431","SAMN08970615","SRP142289","SRS3211970","SRR7056479"
"EOE_2012_127.2B","127.2B","127",2,2012,"ATATCCGG","CTGCTGCCTYCCGTA","AGAGTTTGATCCTGGCTCAG",324,"biopsy","biopsy","EoE","Inactive","UNKNOWN",2011-05-16,2009-02-02,"2 years 3 Months","Female","White",2010-09-22,"Yes","No","Yes","Yes","No","No","No","Yes","0","D","4","PRJNA451431","SAMN08970616","SRP142289","SRS3211968","SRR7056480"
"EOE_2012_127.2S","127.2S","127",2,2012,"GGATCCTA","CTGCTGCCTYCCGTA","AGAGTTTGATCCTGGCTCAG",239,"swab","swab","EoE","Inactive","UNKNOWN",2011-05-16,2009-02-02,"2 years 3 Months","Female","White",2010-09-22,"Yes","No","Yes","Yes","No","No","No","Yes","0","D","4","PRJNA451431","SAMN08970617","SRP142289","SRS3211969","SRR7056481"
"EOE_2012_132.1B","132.1B","132",0,2012,"TGGACATC","CTGCTGCCTYCCGTA","AGAGTTTGATCCTGGCTCAG",304,"biopsy","biopsy","control","control","GER",2011-02-07,2005-03-05,"5 years 11 Months","Male","White",,"No","No","No","Yes","No","No","No","No","0","OD","5","PRJNA451431","SAMN08970618","SRP142289","SRS3211965","SRR7056482"
"EOE_2012_132.1S","132.1S","132",0,2012,"CATGGATC","CTGCTGCCTYCCGTA","AGAGTTTGATCCTGGCTCAG",277,"swab","swab","control","control","GER",2011-02-07,2005-03-05,"5 years 11 Months","Male","White",,"No","No","No","Yes","No","No","No","No","0","OD","5","PRJNA451431","SAMN08970619","SRP142289","SRS3211974","SRR7056475"
"EOE_2012_137.1B","137.1B","137",1,2012,"CTGAAGTC","CTGCTGCCTYCCGTA","AGAGTTTGATCCTGGCTCAG",285,"biopsy","biopsy","EoE","Inactive","NONE",2011-02-11,1993-05-11,"17 years 9 Months","Male","African American",2006-04-27,"Yes","No","Yes","Yes","No","No","Yes","Yes","0","RD","4","PRJNA451431","SAMN08970620","SRP142289","SRS3211973","SRR7056476"
"EOE_2012_137.1S","137.1S","137",1,2012,"CGCGATTA","CTGCTGCCTYCCGTA","AGAGTTTGATCCTGGCTCAG",220,"swab","swab","EoE","Inactive","NONE",2011-02-11,1993-05-11,"17 years 9 Months","Male","African American",2006-04-27,"Yes","No","Yes","Yes","No","No","Yes","Yes","0","RD","4","PRJNA451431","SAMN08970621","SRP142289","SRS3211971","SRR7056477"
"EOE_2012_137.2B","137.2B","137",2,2012,"ATATGCCG","CTGCTGCCTYCCGTA","AGAGTTTGATCCTGGCTCAG",325,"biopsy","biopsy","EoE","Inactive","UNKNOWN",2011-06-10,1993-05-11,"18 years 0 Months","Male","African American",2006-04-27,"Yes","No","Yes","Yes","No","No","Yes","Yes","0","D","4","PRJNA451431","SAMN08970622","SRP142289","SRS3211972","SRR7056478"
"EOE_2012_137.2S","137.2S","137",2,2012,"GGCCATTA","CTGCTGCCTYCCGTA","AGAGTTTGATCCTGGCTCAG",240,"swab","swab","EoE","Inactive","UNKNOWN",2011-06-10,1993-05-11,"18 years 0 Months","Male","African American",2006-04-27,"Yes","No","Yes","Yes","No","No","Yes","Yes","0","D","4","PRJNA451431","SAMN08970623","SRP142289","SRS3211977","SRR7056472"
"EOE_2012_138.1B","138.1B","138",1,2012,"CTTGGAAC","CTGCTGCCTYCCGTA","AGAGTTTGATCCTGGCTCAG",286,"biopsy","biopsy","EoE","Active","OBSTRUCTIVE",2011-02-14,1995-08-23,"15 years 5 Months","Female","White",2010-05-12,"Yes","No","No","Yes","No","No","Yes","Yes","15","RD","2","PRJNA451431","SAMN08970624","SRP142289","SRS3211976","SRR7056473"
"EOE_2012_138.1S","138.1S","138",1,2012,"CCGGTTAA","CTGCTGCCTYCCGTA","AGAGTTTGATCCTGGCTCAG",217,"swab","swab","EoE","Active","OBSTRUCTIVE",2011-02-14,1995-08-23,"15 years 5 Months","Female","White",2010-05-12,"Yes","No","No","Yes","No","No","Yes","Yes","15","RD","2","PRJNA451431","SAMN08970625","SRP142289","SRS3211994","SRR7056454"
"EOE_2012_138.2B","138.2B","138",2,2012,"AGCTTGCA","CTGCTGCCTYCCGTA","AGAGTTTGATCCTGGCTCAG",206,"biopsy","biopsy","EoE","Inactive","UNKNOWN",2011-05-23,1995-08-23,"15 years 9 Months","Female","White",2010-05-12,"Yes","No","No","Yes","Yes","No","Yes","Yes","0","D","2","PRJNA451431","SAMN08970626","SRP142289","SRS3211996","SRR7056453"
"EOE_2012_138.2S","138.2S","138",2,2012,"GGCCTATA","CTGCTGCCTYCCGTA","AGAGTTTGATCCTGGCTCAG",241,"swab","swab","EoE","Inactive","UNKNOWN",2011-05-23,1995-08-23,"15 years 9 Months","Female","White",2010-05-12,"Yes","No","No","Yes","Yes","No","Yes","Yes","0","D","2","PRJNA451431","SAMN08970627","SRP142289","SRS3211995","SRR7056452"
"EOE_2012_139.1B","139.1B","139",1,2012,"GACTTGAC","CTGCTGCCTYCCGTA","AGAGTTTGATCCTGGCTCAG",287,"biopsy","biopsy","EoE","Active","OBSTRUCTIVE.GER",2011-02-15,1995-11-19,"15 years 2 Months","Male","White",2011-02-15,"No","No","Yes","Yes","No","No","No","No","18","OD","2","PRJNA451431","SAMN08970628","SRP142289","SRS3211998","SRR7056451"
"EOE_2012_139.1S","139.1S","139",1,2012,"CCTAGGTA","CTGCTGCCTYCCGTA","AGAGTTTGATCCTGGCTCAG",218,"swab","swab","EoE","Active","OBSTRUCTIVE.GER",2011-02-15,1995-11-19,"15 years 2 Months","Male","White",2011-02-15,"No","No","Yes","Yes","No","No","No","No","18","OD","2","PRJNA451431","SAMN08970629","SRP142289","SRS3211990","SRR7056458"
"EOE_2012_139.2B","139.2B","139",2,2012,"ATCCTAGG","CTGCTGCCTYCCGTA","AGAGTTTGATCCTGGCTCAG",327,"biopsy","biopsy","EoE","Inactive","UNKNOWN",2011-05-17,1995-11-19,"15 years 5 Months","Male","White",2011-02-15,"Yes","No","Yes","Yes","No","Yes","No","No","3","d","2","PRJNA451431","SAMN08970630","SRP142289","SRS3211989","SRR7056457"
"EOE_2012_139.2S","139.2S","139",2,2012,"GGCCTTAA","CTGCTGCCTYCCGTA","AGAGTTTGATCCTGGCTCAG",242,"swab","swab","EoE","Inactive","UNKNOWN",2011-05-17,1995-11-19,"15 years 5 Months","Male","White",2011-02-15,"Yes","No","Yes","Yes","No","Yes","No","No","3","d","2","PRJNA451431","SAMN08970631","SRP142289","SRS3211997","SRR7056456"
"EOE_2012_146.1B","146.1B","146",0,2012,"TGGACTAC","CTGCTGCCTYCCGTA","AGAGTTTGATCCTGGCTCAG",305,"biopsy","biopsy","control","control","GER.ABDOMINAL",2011-02-21,2004-07-28,"6 years 6 Months","Male","White",,"No","No","Yes","Yes","No","No","No","No","0","OD","5","PRJNA451431","SAMN08970632","SRP142289","SRS3211993","SRR7056455"
"EOE_2012_146.1S","146.1S","146",0,2012,"AACGTTGC","CTGCTGCCTYCCGTA","AGAGTTTGATCCTGGCTCAG",257,"swab","swab","control","control","GER.ABDOMINAL",2011-02-21,2004-07-28,"6 years 6 Months","Male","White",,"No","No","Yes","Yes","No","No","No","No","0","OD","5","PRJNA451431","SAMN08970633","SRP142289","SRS3211991","SRR7056460"
"EOE_2012_147.1B","147.1B","147",0,2012,"TGGTCAAC","CTGCTGCCTYCCGTA","AGAGTTTGATCCTGGCTCAG",306,"biopsy","biopsy","control","control","GER.ABDOMINAL",2011-02-21,1995-10-23,"15 years 3 Months","Female","White",,"No","No","Yes","Yes","No","No","No","No","2","OD","5","PRJNA451431","SAMN08970634","SRP142289","SRS3211992","SRR7056459"
"EOE_2012_147.1S","147.1S","147",0,2012,"AGGTCATC","CTGCTGCCTYCCGTA","AGAGTTTGATCCTGGCTCAG",266,"swab","swab","control","control","GER.ABDOMINAL",2011-02-21,1995-10-23,"15 years 3 Months","Female","White",,"No","No","Yes","Yes","No","No","No","No","2","OD","5","PRJNA451431","SAMN08970635","SRP142289","SRS3212008","SRR7056437"
"EOE_2012_151.1B","151.1B","151",1,2012,"GAGTTCAC","CTGCTGCCTYCCGTA","AGAGTTTGATCCTGGCTCAG",288,"biopsy","biopsy","EoE","Active","GER",2011-02-25,2006-09-30,"4 years 4 Months","Female","White",2009-11-18,"Yes","Yes","Yes","Yes","No","No","No","Yes","20","RD","1","PRJNA451431","SAMN08970636","SRP142289","SRS3212011","SRR7056438"
"EOE_2012_151.1S","151.1S","151",1,2012,"CGGCATTA","CTGCTGCCTYCCGTA","AGAGTTTGATCCTGGCTCAG",222,"swab","swab","EoE","Active","GER",2011-02-25,2006-09-30,"4 years 4 Months","Female","White",2009-11-18,"Yes","Yes","Yes","Yes","No","No","No","Yes","20","RD","1","PRJNA451431","SAMN08970637","SRP142289","SRS3212012","SRR7056435"
"EOE_2012_151.2B","151.2B","151",2,2012,"ATTACCGG","CTGCTGCCTYCCGTA","AGAGTTTGATCCTGGCTCAG",328,"biopsy","biopsy","EoE","Active","GER",2011-07-08,2006-09-30,"4 years 9 Months","Female","White",2009-11-18,"Yes","Yes","Yes","Yes","No","No","No","Yes","20","D","1","PRJNA451431","SAMN08970638","SRP142289","SRS3212014","SRR7056436"
"EOE_2012_151.2S","151.2S","151",2,2012,"GGTACCTA","CTGCTGCCTYCCGTA","AGAGTTTGATCCTGGCTCAG",243,"swab","swab","EoE","Active","GER",2011-07-08,2006-09-30,"4 years 9 Months","Female","White",2009-11-18,"Yes","Yes","Yes","Yes","No","No","No","Yes","20","D","1","PRJNA451431","SAMN08970639","SRP142289","SRS3212013","SRR7056433"
"EOE_2014_158.3B","158.3B","158",1,2014,"GGTAATCC","CTGCTGCCTYCCGTA","AGAGTTTGATCCTGGCTCAG",292,"biopsy","biopsy","EoE","Inactive ","GER",2012-02-15,2002-11-08,"9 years 3 Months","Male","White",2006-07-11,"Yes","No","Yes","Yes","No","No","Yes","Yes","6","RD","3","PRJNA451431","SAMN08970640","SRP142289","SRS3212015","SRR7056434"
"EOE_2014_158.3S","158.3S","158",1,2014,"CGTTGCAA","CTGCTGCCTYCCGTA","AGAGTTTGATCCTGGCTCAG",226,"swab","swab","EoE","Inactive ","GER",2012-02-15,2002-11-08,"9 years 3 Months","Male","White",2006-07-11,"Yes","No","Yes","Yes","No","No","Yes","Yes","6","RD","3","PRJNA451431","SAMN08970641","SRP142289","SRS3212018","SRR7056431"
"EOE_2014_158.4B","158.4B","158",2,2014,"CCTAATGG","CTGCTGCCTYCCGTA","AGAGTTTGATCCTGGCTCAG",334,"biopsy","biopsy","EoE","Active ","NONE",2013-02-04,2002-11-08,"10 years 2 Months","Male","White",2006-07-11,"Yes","No","Yes","Yes","No","No","No","Yes","25","D","3","PRJNA451431","SAMN08970642","SRP142289","SRS3212016","SRR7056432"
"EOE_2014_158.4S","158.4S","158",2,2014,"AAGCTTCG","CTGCTGCCTYCCGTA","AGAGTTTGATCCTGGCTCAG",315,"swab","swab","EoE","Active ","NONE",2013-02-04,2002-11-08,"10 years 2 Months","Male","White",2006-07-11,"Yes","No","Yes","Yes","No","No","No","Yes","25","D","3","PRJNA451431","SAMN08970643","SRP142289","SRS3212009","SRR7056439"
"EOE_2012_159.1B","159.1B","159",1,2012,"GCATTAGC","CTGCTGCCTYCCGTA","AGAGTTTGATCCTGGCTCAG",289,"biopsy","biopsy","EoE","Active","OBSTRUCTIVE.GER",2011-03-03,1999-02-08,"12 years 0 Months","Male","White",2009-04-15,"Yes","No","Yes","Yes","No","No","No","Yes","28","RD","2","PRJNA451431","SAMN08970644","SRP142289","SRS3212092","SRR7056440"
"EOE_2012_159.1S","159.1S","159",1,2012,"CGGCTATA","CTGCTGCCTYCCGTA","AGAGTTTGATCCTGGCTCAG",223,"swab","swab","EoE","Active","OBSTRUCTIVE.GER",2011-03-03,1999-02-08,"12 years 0 Months","Male","White",2009-04-15,"Yes","No","Yes","Yes","No","No","No","Yes","28","RD","2","PRJNA451431","SAMN08970645","SRP142289","SRS3212032","SRR7056416"
"EOE_2012_159.2B","159.2B","159",2,2012,"ATTACGCG","CTGCTGCCTYCCGTA","AGAGTTTGATCCTGGCTCAG",329,"biopsy","biopsy","EoE","Inactive","UNKNOWN",2011-06-02,1999-02-08,"12 years 3 Months","Male","White",2009-04-15,"Yes","No","Yes","Yes","No","No","No","Yes","3","d","2","PRJNA451431","SAMN08970646","SRP142289","SRS3212035","SRR7056415"
"EOE_2012_159.2S","159.2S","159",2,2012,"GGTTCCAA","CTGCTGCCTYCCGTA","AGAGTTTGATCCTGGCTCAG",244,"swab","swab","EoE","Inactive","UNKNOWN",2011-06-02,1999-02-08,"12 years 3 Months","Male","White",2009-04-15,"Yes","No","Yes","Yes","No","No","No","Yes","3","d","2","PRJNA451431","SAMN08970647","SRP142289","SRS3212031","SRR7056418"
"EOE_2012_162.1B","162.1B","162",1,2012,"GGTAATCC","CTGCTGCCTYCCGTA","AGAGTTTGATCCTGGCTCAG",292,"biopsy","biopsy","EoE","Active","OBSTRUCTIVE",2011-03-04,2000-10-23,"10 years 4 Months","Male","White",2011-03-04,"Yes","No","Yes","Yes","No","No","No","Yes","18","RD","1",,,,,
"EOE_2012_162.1S","162.1S","162",1,2012,"CGTTCGAA","CTGCTGCCTYCCGTA","AGAGTTTGATCCTGGCTCAG",225,"swab","swab","EoE","Active","OBSTRUCTIVE",2011-03-04,2000-10-23,"10 years 4 Months","Male","White",2011-03-04,"Yes","No","Yes","Yes","No","No","No","Yes","18","RD","1","PRJNA451431","SAMN08970649","SRP142289","SRS3212036","SRR7056412"
"EOE_2012_162.2B","162.2B","162",2,2012,"CAGTTCAG","CTGCTGCCTYCCGTA","AGAGTTTGATCCTGGCTCAG",332,"biopsy","biopsy","EoE","Active","UNKNOWN",2011-05-20,2000-10-23,"10 years 6 Months","Male","White",2011-03-04,"Yes","No","Yes","Yes","Yes","No","No","Yes","60","d","1","PRJNA451431","SAMN08970650","SRP142289","SRS3212038","SRR7056411"
"EOE_2012_162.2S","162.2S","162",2,2012,"GTTCACGA","CTGCTGCCTYCCGTA","AGAGTTTGATCCTGGCTCAG",246,"swab","swab","EoE","Active","UNKNOWN",2011-05-20,2000-10-23,"10 years 6 Months","Male","White",2011-03-04,"Yes","No","Yes","Yes","Yes","No","No","Yes","60","d","1","PRJNA451431","SAMN08970651","SRP142289","SRS3212033","SRR7056414"
"EOE_2012_163.1B","163.1B","163",1,2012,"GTCAAGTC","CTGCTGCCTYCCGTA","AGAGTTTGATCCTGGCTCAG",293,"biopsy","biopsy","EoE","Inactive","OBSTRUCTIVE",2011-03-04,1992-06-20,"18 years 8 Months","Male","White",2007-09-25,"Yes","Yes","Yes","No","No","No","No","Yes","6","OD","3","PRJNA451431","SAMN08970652","SRP142289","SRS3212034","SRR7056413"
"EOE_2012_163.1S","163.1S","163",1,2012,"CGTTGCAA","CTGCTGCCTYCCGTA","AGAGTTTGATCCTGGCTCAG",226,"swab","swab","EoE","Inactive","OBSTRUCTIVE",2011-03-04,1992-06-20,"18 years 8 Months","Male","White",2007-09-25,"Yes","Yes","Yes","No","No","No","No","Yes","6","OD","3","PRJNA451431","SAMN08970653","SRP142289","SRS3212028","SRR7056420"
"EOE_2012_163.2B","163.2B","163",2,2012,"CCATTAGG","CTGCTGCCTYCCGTA","AGAGTTTGATCCTGGCTCAG",333,"biopsy","biopsy","EoE","Active","UNKNOWN",2011-05-16,1992-06-20,"18 years 10 Months","Male","White",2007-09-25,"Yes","Yes","Yes","No","No","No","No","Yes","50","D","3","PRJNA451431","SAMN08970654","SRP142289","SRS3212029","SRR7056419"
"EOE_2012_163.2S","163.2S","163",2,2012,"GTTCAGCA","CTGCTGCCTYCCGTA","AGAGTTTGATCCTGGCTCAG",247,"swab","swab","EoE","Active","UNKNOWN",2011-05-16,1992-06-20,"18 years 10 Months","Male","White",2007-09-25,"Yes","Yes","Yes","No","No","No","No","Yes","50","D","3","PRJNA451431","SAMN08970655","SRP142289","SRS3212064","SRR7056383"
"EOE_2012_164.1B","164.1B","164",1,2012,"GTGAACTC","CTGCTGCCTYCCGTA","AGAGTTTGATCCTGGCTCAG",294,"biopsy","biopsy","EoE","Active","GER",2011-03-04,1992-06-25,"18 years 8 Months","Male","White",2005-04-01,"Yes","No","No","Yes","Yes","Yes","Yes","Yes","17","RD","2","PRJNA451431","SAMN08970656","SRP142289","SRS3212065","SRR7056384"
"EOE_2012_164.1S","164.1S","164",1,2012,"CTACTGGA","CTGCTGCCTYCCGTA","AGAGTTTGATCCTGGCTCAG",227,"swab","swab","EoE","Active","GER",2011-03-04,1992-06-25,"18 years 8 Months","Male","White",2005-04-01,"Yes","No","No","Yes","Yes","Yes","Yes","Yes","17","RD","2","PRJNA451431","SAMN08970657","SRP142289","SRS3212063","SRR7056385"
"EOE_2012_164.2B","164.2B","164",2,2012,"CCTAATGG","CTGCTGCCTYCCGTA","AGAGTTTGATCCTGGCTCAG",334,"biopsy","biopsy","EoE","Inactive","UNKNOWN",2011-06-17,1992-06-25,"18 years 11 Months","Male","White",2005-04-01,"Yes","No","No","Yes","No","Yes","Yes","Yes","0","D","2","PRJNA451431","SAMN08970658","SRP142289","SRS3212114","SRR7056386"
"EOE_2012_164.2S","164.2S","164",2,2012,"GTTGACCA","CTGCTGCCTYCCGTA","AGAGTTTGATCCTGGCTCAG",248,"swab","swab","EoE","Inactive","UNKNOWN",2011-06-17,1992-06-25,"18 years 11 Months","Male","White",2005-04-01,"Yes","No","No","Yes","No","Yes","Yes","Yes","0","D","2","PRJNA451431","SAMN08970659","SRP142289","SRS3212061","SRR7056387"
"EOE_2014_166.1B","166.1B","166",0,2014,"ATTACGGC","CTGCTGCCTYCCGTA","AGAGTTTGATCCTGGCTCAG",272,"biopsy","biopsy","control","control","GER",2011-03-08,1995-02-08,"16 years 1 Months","Male","White",,"No","No","No","Yes","No","No","No","No","0","OD","5","PRJNA451431","SAMN08970660","SRP142289","SRS3212060","SRR7056388"
"EOE_2014_166.1S","166.1S","166",0,2014,"CCGGATTA","CTGCTGCCTYCCGTA","AGAGTTTGATCCTGGCTCAG",215,"swab","swab","control","control","GER",2011-03-08,1995-02-08,"16 years 1 Months","Male","White",,"No","No","No","Yes","No","No","No","No","0","OD","5","PRJNA451431","SAMN08970661","SRP142289","SRS3212059","SRR7056389"
"EOE_2012_167.1B","167.1B","167",1,2012,"TAATCGGC","CTGCTGCCTYCCGTA","AGAGTTTGATCCTGGCTCAG",295,"biopsy","biopsy","EoE","Inactive","NONE",2011-03-09,2004-09-10,"6 years 5 Months","Male","White",2007-12-18,"Yes","Yes","Yes","Yes","No","Yes","Yes","Yes","12","RD","4","PRJNA451431","SAMN08970662","SRP142289","SRS3212058","SRR7056390"
"EOE_2012_167.1S","167.1S","167",1,2012,"GCGCATTA","CTGCTGCCTYCCGTA","AGAGTTTGATCCTGGCTCAG",235,"swab","swab","EoE","Inactive","NONE",2011-03-09,2004-09-10,"6 years 5 Months","Male","White",2007-12-18,"Yes","Yes","Yes","Yes","No","Yes","Yes","Yes","12","RD","4","PRJNA451431","SAMN08970663","SRP142289","SRS3212067","SRR7056380"
"EOE_2012_167.2B","167.2B","167",2,2012,"CGATTACG","CTGCTGCCTYCCGTA","AGAGTTTGATCCTGGCTCAG",335,"biopsy","biopsy","EoE","Inactive","UNKNOWN",2011-06-13,2004-09-10,"6 years 9 Months","Male","White",2007-12-18,"Yes","Yes","Yes","Yes","No","No","Yes","Yes","6","B","4","PRJNA451431","SAMN08970664","SRP142289","SRS3212066","SRR7056381"
"EOE_2012_167.2S","167.2S","167",2,2012,"TACGGCTA","CTGCTGCCTYCCGTA","AGAGTTTGATCCTGGCTCAG",249,"swab","swab","EoE","Inactive","UNKNOWN",2011-06-13,2004-09-10,"6 years 9 Months","Male","White",2007-12-18,"Yes","Yes","Yes","Yes","No","Yes","Yes","Yes","6","B","4","PRJNA451431","SAMN08970665","SRP142289","SRS3211870","SRR7056579"
"EOE_2012_178.1B","178.1B","178",0,2012,"TTAACGGC","CTGCTGCCTYCCGTA","AGAGTTTGATCCTGGCTCAG",307,"biopsy","biopsy","control","control","NONE",2011-03-15,1994-01-03,"17 years 2 Months","Male","White",,"No","No","No","Yes","No","No","No","No","0","OD","5","PRJNA451431","SAMN08970666","SRP142289","SRS3211871","SRR7056578"
"EOE_2012_178.1S","178.1S","178",0,2012,"AAGCTTGC","CTGCTGCCTYCCGTA","AGAGTTTGATCCTGGCTCAG",258,"swab","swab","control","control","NONE",2011-03-15,1994-01-03,"17 years 2 Months","Male","White",,"No","No","No","Yes","No","No","No","No","0","OD","5","PRJNA451431","SAMN08970667","SRP142289","SRS3211872","SRR7056577"
"EOE_2012_182.1B","182.1B","182",1,2012,"TAATGCGC","CTGCTGCCTYCCGTA","AGAGTTTGATCCTGGCTCAG",296,"biopsy","biopsy","EoE","Active","OBSTRUCTIVE.ABDOMINAL",2011-03-17,1993-11-19,"17 years 3 Months","Male","White",2009-06-19,"Yes","No","Yes","Yes","No","No","Yes","Yes","15","RD","2","PRJNA451431","SAMN08970668","SRP142289","SRS3211873","SRR7056576"
"EOE_2012_182.1S","182.1S","182",1,2012,"CTTGAGCA","CTGCTGCCTYCCGTA","AGAGTTTGATCCTGGCTCAG",230,"swab","swab","EoE","Active","OBSTRUCTIVE.ABDOMINAL",2011-03-17,1993-11-19,"17 years 3 Months","Male","White",2009-06-19,"Yes","No","Yes","Yes","No","No","Yes","Yes","15","RD","2","PRJNA451431","SAMN08970669","SRP142289","SRS3211875","SRR7056575"
"EOE_2012_182.2B","182.2B","182",2,2012,"CGTAATCG","CTGCTGCCTYCCGTA","AGAGTTTGATCCTGGCTCAG",336,"biopsy","biopsy","EoE","Inactive","NONE",2011-07-14,1993-11-19,"17 years 7 Months","Male","White",2009-06-19,"No","No","Yes","Yes","No","No","Yes","Yes","0","O","2","PRJNA451431","SAMN08970670","SRP142289","SRS3211874","SRR7056574"
"EOE_2012_182.2S","182.2S","182",2,2012,"TAGCCGTA","CTGCTGCCTYCCGTA","AGAGTTTGATCCTGGCTCAG",250,"swab","swab","EoE","Inactive","NONE",2011-07-14,1993-11-19,"17 years 7 Months","Male","White",2009-06-19,"No","No","Yes","Yes","No","No","Yes","Yes","0","O","2","PRJNA451431","SAMN08970671","SRP142289","SRS3211876","SRR7056573"
"EOE_2012_190.1B","190.1B","190",0,2012,"TTAAGCGC","CTGCTGCCTYCCGTA","AGAGTTTGATCCTGGCTCAG",308,"biopsy","biopsy","control","control","ABDOMINAL",2011-04-04,2005-11-18,"5 years 4 Months","Female","White",,"No","No","Yes","Yes","No","No","No","No","0","OD","5","PRJNA451431","SAMN08970672","SRP142289","SRS3211877","SRR7056572"
"EOE_2012_190.1S","190.1S","190",0,2012,"AAGGTTCC","CTGCTGCCTYCCGTA","AGAGTTTGATCCTGGCTCAG",259,"swab","swab","control","control","ABDOMINAL",2011-04-04,2005-11-18,"5 years 4 Months","Female","White",,"No","No","Yes","Yes","No","No","No","No","0","OD","5","PRJNA451431","SAMN08970673","SRP142289","SRS3211878","SRR7056571"
"EOE_2014_191.1B","191.1B","191",0,2014,"ATTAGCGC","CTGCTGCCTYCCGTA","AGAGTTTGATCCTGGCTCAG",273,"biopsy","biopsy","control","control","OBSTRUCTIVE.GER",2011-04-04,2002-01-09,"9 years 2 Months","Male","White",,"No","No","Yes","Yes","No","No","No","No","1","OD","5","PRJNA451431","SAMN08970674","SRP142289","SRS3211879","SRR7056570"
"EOE_2014_191.1S","191.1S","191",0,2014,"CCGGTATA","CTGCTGCCTYCCGTA","AGAGTTTGATCCTGGCTCAG",216,"swab","swab","control","control","OBSTRUCTIVE.GER",2011-04-04,2002-01-09,"9 years 2 Months","Male","White",,"No","No","Yes","Yes","No","No","No","No","1","OD","5","PRJNA451431","SAMN08970675","SRP142289","SRS3211978","SRR7056471"
"EOE_2012_197.1B","197.1B","197",0,2012,"TTAAGGCC","CTGCTGCCTYCCGTA","AGAGTTTGATCCTGGCTCAG",309,"biopsy","biopsy","control","control","OBSTRUCTIVE.GER",2011-04-08,2000-05-03,"10 years 11 Months","Male","White",,"No","No","Yes","Yes","No","No","No","No","0","OD","5","PRJNA451431","SAMN08970676","SRP142289","SRS3211975","SRR7056474"
"EOE_2012_197.1S","197.1S","197",0,2012,"AGGTCTAC","CTGCTGCCTYCCGTA","AGAGTTTGATCCTGGCTCAG",267,"swab","swab","control","control","OBSTRUCTIVE.GER",2011-04-08,2000-05-03,"10 years 11 Months","Male","White",,"No","No","Yes","Yes","No","No","No","No","0","OD","5","PRJNA451431","SAMN08970677","SRP142289","SRS3211919","SRR7056530"
"EOE_2014_200.1B","200.1B","200",0,2014,"ATTAGGCC","CTGCTGCCTYCCGTA","AGAGTTTGATCCTGGCTCAG",274,"biopsy","biopsy","control","control","GER.ABDOMINAL",2011-04-15,2002-09-06,"8 years 7 Months","Male","African American",,"No","No","Yes","Yes","No","No","No","No","0","OD","5","PRJNA451431","SAMN08970678","SRP142289","SRS3211935","SRR7056531"
"EOE_2014_200.1S","200.1S","200",0,2014,"CCGGTTAA","CTGCTGCCTYCCGTA","AGAGTTTGATCCTGGCTCAG",217,"swab","swab","control","control","GER.ABDOMINAL",2011-04-15,2002-09-06,"8 years 7 Months","Male","African American",,"No","No","Yes","Yes","No","No","No","No","0","OD","5","PRJNA451431","SAMN08970679","SRP142289","SRS3211913","SRR7056536"
"EOE_2014_205.1B","205.1B","205",0,2014,"CAAGGTTC","CTGCTGCCTYCCGTA","AGAGTTTGATCCTGGCTCAG",275,"biopsy","biopsy","control","control","ABDOMINAL",2011-04-18,2004-01-15,"7 years 3 Months","Male","White",,"No","No","Yes","Yes","No","No","No","No","0","OD","5","PRJNA451431","SAMN08970680","SRP142289","SRS3211912","SRR7056537"
"EOE_2014_205.1S","205.1S","205",0,2014,"CCTAGGTA","CTGCTGCCTYCCGTA","AGAGTTTGATCCTGGCTCAG",218,"swab","swab","control","control","ABDOMINAL",2011-04-18,2004-01-15,"7 years 3 Months","Male","White",,"No","No","Yes","Yes","No","No","No","No","0","OD","5","PRJNA451431","SAMN08970681","SRP142289","SRS3211915","SRR7056534"
"EOE_2012_210.1B","210.1B","210",1,2012,"TAATGGCC","CTGCTGCCTYCCGTA","AGAGTTTGATCCTGGCTCAG",297,"biopsy","biopsy","EoE","Inactive","NONE",2011-04-22,2008-02-08,"3 years 2 Months","Male","African American",2010-11-15,"Yes","Yes","Yes","Yes","No","No","No","Yes","1","RD","4","PRJNA451431","SAMN08970682","SRP142289","SRS3211914","SRR7056535"
"EOE_2012_210.1S","210.1S","210",1,2012,"GATGTCCA","CTGCTGCCTYCCGTA","AGAGTTTGATCCTGGCTCAG",231,"swab","swab","EoE","Inactive","NONE",2011-04-22,2008-02-08,"3 years 2 Months","Male","African American",2010-11-15,"Yes","Yes","Yes","Yes","No","No","No","Yes","1","RD","4","PRJNA451431","SAMN08970683","SRP142289","SRS3211955","SRR7056494"
"EOE_2012_210.2B","210.2B","210",2,2012,"CTCAAGTG","CTGCTGCCTYCCGTA","AGAGTTTGATCCTGGCTCAG",337,"biopsy","biopsy","EoE","Inactive","NONE",2011-07-15,2008-02-08,"3 years 5 Months","Male","African American",2010-11-15,"Yes","Yes","Yes","Yes","No","No","No","Yes","0","C","4","PRJNA451431","SAMN08970684","SRP142289","SRS3211949","SRR7056500"
"EOE_2012_210.2S","210.2S","210",2,2012,"TCAGGTCA","CTGCTGCCTYCCGTA","AGAGTTTGATCCTGGCTCAG",251,"swab","swab","EoE","Inactive","NONE",2011-07-15,2008-02-08,"3 years 5 Months","Male","African American",2010-11-15,"Yes","Yes","Yes","Yes","No","No","No","Yes","0","C","4","PRJNA451431","SAMN08970685","SRP142289","SRS3211954","SRR7056495"
"EOE_2012_211.1B","211.1B","211",1,2012,"TAGGATCC","CTGCTGCCTYCCGTA","AGAGTTTGATCCTGGCTCAG",298,"biopsy","biopsy","EoE","Inactive","ABDOMINAL",2011-04-22,2003-05-28,"7 years 10 Months","Male","White",2010-09-22,"Yes","No","No","No","No","Yes","No","Yes","3","RD","3","PRJNA451431","SAMN08970686","SRP142289","SRS3211967","SRR7056483"
"EOE_2012_211.1S","211.1S","211",1,2012,"GCCGATTA","CTGCTGCCTYCCGTA","AGAGTTTGATCCTGGCTCAG",232,"swab","swab","EoE","Inactive","ABDOMINAL",2011-04-22,2003-05-28,"7 years 10 Months","Male","White",2010-09-22,"Yes","No","No","No","No","Yes","No","Yes","3","RD","3","PRJNA451431","SAMN08970687","SRP142289","SRS3211952","SRR7056497"
"EOE_2012_211.2B","211.2B","211",2,2012,"CTGAACTG","CTGCTGCCTYCCGTA","AGAGTTTGATCCTGGCTCAG",338,"biopsy","biopsy","EoE","Active","NONE",2011-06-24,2003-05-28,"8 years 0 Months","Male","White",2010-09-22,"Yes","No","No","No","No","Yes","Yes","Yes","15","D","3","PRJNA451431","SAMN08970688","SRP142289","SRS3211953","SRR7056496"
"EOE_2012_211.2S","211.2S","211",2,2012,"TCTGGACA","CTGCTGCCTYCCGTA","AGAGTTTGATCCTGGCTCAG",252,"swab","swab","EoE","Active","NONE",2011-06-24,2003-05-28,"8 years 0 Months","Male","White",2010-09-22,"Yes","No","No","No","No","Yes","Yes","Yes","15","D","3","PRJNA451431","SAMN08970689","SRP142289","SRS3212069","SRR7056378"
"EOE_2014_211.3B","211.3B","211",3,2014,"GTCAAGTC","CTGCTGCCTYCCGTA","AGAGTTTGATCCTGGCTCAG",293,"biopsy","biopsy","EoE","Inactive ","NONE",2011-08-24,2003-05-28,"8 years 2 Months","Male","White",2010-09-22,"Yes","No","No","Yes","No","Yes","Yes","Yes","0","D","2","PRJNA451431","SAMN08970690","SRP142289","SRS3211902","SRR7056547"
"EOE_2014_211.3S","211.3S","211",3,2014,"CTACTGGA","CTGCTGCCTYCCGTA","AGAGTTTGATCCTGGCTCAG",227,"swab","swab","EoE","Inactive ","NONE",2011-08-24,2003-05-28,"8 years 2 Months","Male","White",2010-09-22,"Yes","No","No","Yes","No","Yes","Yes","Yes","0","D","2","PRJNA451431","SAMN08970691","SRP142289","SRS3211946","SRR7056501"
"EOE_2012_212.1B","212.1B","212",0,2012,"TTGGAACC","CTGCTGCCTYCCGTA","AGAGTTTGATCCTGGCTCAG",312,"biopsy","biopsy","control","control","GER.ABDOMINAL",2011-04-25,2003-12-14,"7 years 4 Months","Male","White",,"No","No","No","Yes","No","No","No","No","0","OD","5","PRJNA451431","SAMN08970692","SRP142289","SRS3211893","SRR7056556"
"EOE_2012_212.1S","212.1S","212",0,2012,"AATTCGGC","CTGCTGCCTYCCGTA","AGAGTTTGATCCTGGCTCAG",260,"swab","swab","control","control","GER.ABDOMINAL",2011-04-25,2003-12-14,"7 years 4 Months","Male","White",,"No","No","No","Yes","No","No","No","No","0","OD","5","PRJNA451431","SAMN08970693","SRP142289","SRS3211903","SRR7056546"
"EOE_2012_213.1B","213.1B","213",0,2012,"AACCTTGG","CTGCTGCCTYCCGTA","AGAGTTTGATCCTGGCTCAG",313,"biopsy","biopsy","control","control","GER.ABDOMINAL",2011-04-27,2000-01-23,"11 years 3 Months","Male","White",,"No","No","No","Yes","No","No","No","No","0","OD","5","PRJNA451431","SAMN08970694","SRP142289","SRS3211890","SRR7056559"
"EOE_2012_213.1S","213.1S","213",0,2012,"ATATCGGC","CTGCTGCCTYCCGTA","AGAGTTTGATCCTGGCTCAG",268,"swab","swab","control","control","GER.ABDOMINAL",2011-04-27,2000-01-23,"11 years 3 Months","Male","White",,"No","No","No","Yes","No","No","No","No","0","OD","5","PRJNA451431","SAMN08970695","SRP142289","SRS3211988","SRR7056461"
"EOE_2014_221.3B","221.3B","221",1,2014,"GTGAACTC","CTGCTGCCTYCCGTA","AGAGTTTGATCCTGGCTCAG",294,"biopsy","biopsy","EoE","Inactive ","NONE",2012-07-18,2004-12-22,"7 years 6 Months","Male","White",2008-12-15,"Yes","No","Yes","Yes","No","No","Yes","Yes","3","RD","3","PRJNA451431","SAMN08970696","SRP142289","SRS3211987","SRR7056462"
"EOE_2014_221.3S","221.3S","221",1,2014,"CTTCAGGA","CTGCTGCCTYCCGTA","AGAGTTTGATCCTGGCTCAG",228,"swab","swab","EoE","Inactive ","NONE",2012-07-18,2004-12-22,"7 years 6 Months","Male","White",2008-12-15,"Yes","No","Yes","Yes","No","No","Yes","Yes","3","RD","3","PRJNA451431","SAMN08970697","SRP142289","SRS3211986","SRR7056463"
"EOE_2014_221.4B","221.4B","221",2,2014,"CGATTACG","CTGCTGCCTYCCGTA","AGAGTTTGATCCTGGCTCAG",335,"biopsy","biopsy","EoE","Active ","NONE",2012-11-21,2004-12-22,"7 years 10 Months","Male","White",2008-12-15,"Yes","No","Yes","Yes","No","No","Yes","Yes","100","D","3","PRJNA451431","SAMN08970698","SRP142289","SRS3211984","SRR7056464"
"EOE_2014_221.4S","221.4S","221",2,2014,"AAGCTTGC","CTGCTGCCTYCCGTA","AGAGTTTGATCCTGGCTCAG",258,"swab","swab","EoE","Active ","NONE",2012-11-21,2004-12-22,"7 years 10 Months","Male","White",2008-12-15,"Yes","No","Yes","Yes","No","No","Yes","Yes","100","D","3","PRJNA451431","SAMN08970699","SRP142289","SRS3211985","SRR7056465"
"EOE_2014_222.1B","222.1B","222",0,2014,"CAGTTGAC","CTGCTGCCTYCCGTA","AGAGTTTGATCCTGGCTCAG",276,"biopsy","biopsy","control","control","GER",2011-05-13,1998-01-27,"13 years 3 Months","Male","White",,"No","No","Yes","Yes","No","Yes","Yes","No","3","OD","5","PRJNA451431","SAMN08970700","SRP142289","SRS3211983","SRR7056466"
"EOE_2014_222.1S","222.1S","222",0,2014,"CCTTGGAA","CTGCTGCCTYCCGTA","AGAGTTTGATCCTGGCTCAG",219,"swab","swab","control","control","GER",2011-05-13,1998-01-27,"13 years 3 Months","Male","White",,"No","No","Yes","Yes","No","Yes","Yes","No","3","OD","5","PRJNA451431","SAMN08970701","SRP142289","SRS3211979","SRR7056467"
"EOE_2014_227.1B","227.1B","227",0,2014,"CATGGATC","CTGCTGCCTYCCGTA","AGAGTTTGATCCTGGCTCAG",277,"biopsy","biopsy","control","control","GER.ABDOMINAL",2011-05-20,2004-03-05,"7 years 2 Months","Male","White",,"No","No","No","Yes","No","Yes","Yes","No","0","OD","5","PRJNA451431","SAMN08970702","SRP142289","SRS3211982","SRR7056468"
"EOE_2014_227.1S","227.1S","227",0,2014,"CGCGATTA","CTGCTGCCTYCCGTA","AGAGTTTGATCCTGGCTCAG",220,"swab","swab","control","control","GER.ABDOMINAL",2011-05-20,2004-03-05,"7 years 2 Months","Male","White",,"No","No","No","Yes","No","Yes","Yes","No","0","OD","5","PRJNA451431","SAMN08970703","SRP142289","SRS3211980","SRR7056469"
"EOE_2014_228.4B","228.4B","228",1,2014,"TAATCGGC","CTGCTGCCTYCCGTA","AGAGTTTGATCCTGGCTCAG",295,"biopsy","biopsy","EoE","Inactive ","OBSTRUCTIVE",2012-03-12,2003-01-15,"9 years 1 Months","Male","White",2003-09-23,"Yes","No","Yes","Yes","No","Yes","Yes","Yes","12","RD","3","PRJNA451431","SAMN08970704","SRP142289","SRS3211981","SRR7056470"
"EOE_2014_228.4S","228.4S","228",1,2014,"CTTGACGA","CTGCTGCCTYCCGTA","AGAGTTTGATCCTGGCTCAG",229,"swab","swab","EoE","Inactive ","OBSTRUCTIVE",2012-03-12,2003-01-15,"9 years 1 Months","Male","White",2003-09-23,"Yes","No","Yes","Yes","No","Yes","Yes","Yes","12","RD","3","PRJNA451431","SAMN08970705","SRP142289","SRS3211880","SRR7056569"
"EOE_2014_228.5B","228.5B","228",2,2014,"CGTAATCG","CTGCTGCCTYCCGTA","AGAGTTTGATCCTGGCTCAG",336,"biopsy","biopsy","EoE","Active ","OTHER",2012-08-20,2003-01-15,"9 years 7 Months","Male","White",2003-09-23,"Yes","No","Yes","Yes","No","Yes","Yes","Yes","60","D","3","PRJNA451431","SAMN08970706","SRP142289","SRS3211881","SRR7056568"
"EOE_2014_228.5S","228.5S","228",2,2014,"AATTCCGG","CTGCTGCCTYCCGTA","AGAGTTTGATCCTGGCTCAG",316,"swab","swab","EoE","Active ","OTHER",2012-08-20,2003-01-15,"9 years 7 Months","Male","White",2003-09-23,"Yes","No","Yes","Yes","No","Yes","Yes","Yes","60","D","3","PRJNA451431","SAMN08970707","SRP142289","SRS3211882","SRR7056567"
"EOE_2014_229.3B","229.3B","229",1,2014,"TTAAGGCC","CTGCTGCCTYCCGTA","AGAGTTTGATCCTGGCTCAG",309,"biopsy","biopsy","EoE","Inactive ","ABDOMINAL",2012-11-26,2004-04-12,"8 years 7 Months","Male","White",2011-05-25,"Yes","No","No","Yes","No","No","Yes","Yes","0","RD","3","PRJNA451431","SAMN08970708","SRP142289","SRS3211884","SRR7056566"
"EOE_2014_229.3S","229.3S","229",1,2014,"AGGACTTC","CTGCTGCCTYCCGTA","AGAGTTTGATCCTGGCTCAG",265,"swab","swab","EoE","Inactive ","ABDOMINAL",2012-11-26,2004-04-12,"8 years 7 Months","Male","White",2011-05-25,"Yes","No","No","Yes","No","No","Yes","Yes","0","RD","3","PRJNA451431","SAMN08970709","SRP142289","SRS3211883","SRR7056565"
"EOE_2014_229.4B","229.4B","229",2,2014,"CTCAAGTG","CTGCTGCCTYCCGTA","AGAGTTTGATCCTGGCTCAG",337,"biopsy","biopsy","EoE","Active ","NONE",2013-08-26,2004-04-12,"9 years 4 Months","Male","White",2011-05-25,"No","No","No","Yes","No","No","No","Yes","15","D","3","PRJNA451431","SAMN08970710","SRP142289","SRS3211885","SRR7056564"
"EOE_2014_229.4S","229.4S","229",2,2014,"AATTCGGC","CTGCTGCCTYCCGTA","AGAGTTTGATCCTGGCTCAG",260,"swab","swab","EoE","Active ","NONE",2013-08-26,2004-04-12,"9 years 4 Months","Male","White",2011-05-25,"No","No","No","Yes","No","No","No","Yes","15","D","3","PRJNA451431","SAMN08970711","SRP142289","SRS3211886","SRR7056563"
"EOE_2014_235.1B","235.1B","235",1,2014,"TATAGGCC","CTGCTGCCTYCCGTA","AGAGTTTGATCCTGGCTCAG",301,"biopsy","biopsy","EoE","Active ","OBSTRUCTIVE",2011-06-02,1996-11-14,"14 years 6 Months","Male","White",2011-06-02,"No","No","No","Yes","No","No","No","Yes","50","OD","1","PRJNA451431","SAMN08970712","SRP142289","SRS3211887","SRR7056562"
"EOE_2014_235.1S","235.1S","235",1,2014,"GCTTCGAA","CTGCTGCCTYCCGTA","AGAGTTTGATCCTGGCTCAG",237,"swab","swab","EoE","Active ","OBSTRUCTIVE",2011-06-02,1996-11-14,"14 years 6 Months","Male","White",2011-06-02,"No","No","No","Yes","No","No","No","Yes","50","OD","1","PRJNA451431","SAMN08970713","SRP142289","SRS3211888","SRR7056561"
"EOE_2014_235.2B","235.2B","235",2,2014,"TCGTGAAC","CTGCTGCCTYCCGTA","AGAGTTTGATCCTGGCTCAG",302,"biopsy","biopsy","EoE","Active ","ABDOMINAL",2011-11-17,1996-11-14,"15 years 0 Months","Male","White",2011-06-02,"Yes","No","No","Yes","No","No","Yes","Yes","15","d","1","PRJNA451431","SAMN08970714","SRP142289","SRS3211889","SRR7056560"
"EOE_2014_235.2S","235.2S","235",2,2014,"GCTTGCAA","CTGCTGCCTYCCGTA","AGAGTTTGATCCTGGCTCAG",238,"swab","swab","EoE","Active ","ABDOMINAL",2011-11-17,1996-11-14,"15 years 0 Months","Male","White",2011-06-02,"Yes","No","No","Yes","No","No","Yes","Yes","15","d","1","PRJNA451431","SAMN08970715","SRP142289","SRS3211865","SRR7056584"
"EOE_2012_237.1B","237.1B","237",1,2012,"TAGGTACC","CTGCTGCCTYCCGTA","AGAGTTTGATCCTGGCTCAG",299,"biopsy","biopsy","EoE","Active","OBSTRUCTIVE.GER",2011-06-03,2000-03-10,"11 years 2 Months","Male","White",2011-03-04,"Yes","No","Yes","Yes","No","Yes","Yes","Yes","30","RD","2","PRJNA451431","SAMN08970716","SRP142289","SRS3211864","SRR7056585"
"EOE_2012_237.1S","237.1S","237",1,2012,"GCCGTATA","CTGCTGCCTYCCGTA","AGAGTTTGATCCTGGCTCAG",233,"swab","swab","EoE","Active","OBSTRUCTIVE.GER",2011-06-03,2000-03-10,"11 years 2 Months","Male","White",2011-03-04,"Yes","No","Yes","Yes","No","Yes","Yes","Yes","30","RD","2","PRJNA451431","SAMN08970717","SRP142289","SRS3211867","SRR7056582"
"EOE_2012_237.2B","237.2B","237",2,2012,"GAACCTTG","CTGCTGCCTYCCGTA","AGAGTTTGATCCTGGCTCAG",339,"biopsy","biopsy","EoE","Inactive","NONE",2011-07-15,2000-03-10,"11 years 4 Months","Male","White",2011-06-03,"Yes","Yes","Yes","Yes","No","Yes","Yes","Yes","8","E","2","PRJNA451431","SAMN08970718","SRP142289","SRS3211866","SRR7056583"
"EOE_2012_237.2S","237.2S","237",2,2012,"TGACCTGA","CTGCTGCCTYCCGTA","AGAGTTTGATCCTGGCTCAG",253,"swab","swab","EoE","Inactive","NONE",2011-07-15,2000-03-10,"11 years 4 Months","Male","White",2011-03-04,"Yes","Yes","Yes","Yes","No","Yes","Yes","Yes","8","E","2","PRJNA451431","SAMN08970719","SRP142289","SRS3211861","SRR7056588"
"EOE_2014_241.1B","241.1B","241",0,2014,"CATGGTAC","CTGCTGCCTYCCGTA","AGAGTTTGATCCTGGCTCAG",278,"biopsy","biopsy","control","control","GER.ABDOMINAL",2011-06-10,2004-09-11,"6 years 8 Months","Male","White",,"No","No","Yes","Yes","No","No","No","No","0","OD","5","PRJNA451431","SAMN08970720","SRP142289","SRS3211860","SRR7056589"
"EOE_2014_241.1S","241.1S","241",0,2014,"CGCGTTAA","CTGCTGCCTYCCGTA","AGAGTTTGATCCTGGCTCAG",221,"swab","swab","control","control","GER.ABDOMINAL",2011-06-10,2004-09-11,"6 years 8 Months","Male","White",,"No","No","Yes","Yes","No","No","No","No","0","OD","5","PRJNA451431","SAMN08970721","SRP142289","SRS3211863","SRR7056586"
"EOE_2014_253.1B","253.1B","253",0,2014,"TTCGAAGC","CTGCTGCCTYCCGTA","AGAGTTTGATCCTGGCTCAG",310,"biopsy","biopsy","control","control","NONE",2011-06-29,2006-10-27,"4 years 8 Months","Male","White",,"No","No","Yes","Yes","No","Yes","No","No","0","OD","5","PRJNA451431","SAMN08970722","SRP142289","SRS3211862","SRR7056587"
"EOE_2014_253.1S","253.1S","253",0,2014,"AGGTCATC","CTGCTGCCTYCCGTA","AGAGTTTGATCCTGGCTCAG",266,"swab","swab","control","control","NONE",2011-06-29,2006-10-27,"4 years 8 Months","Male","White",,"No","No","Yes","Yes","No","Yes","No","No","0","OD","5","PRJNA451431","SAMN08970723","SRP142289","SRS3211869","SRR7056580"
"EOE_2014_262.1B","262.1B","262",0,2014,"CGAATTGC","CTGCTGCCTYCCGTA","AGAGTTTGATCCTGGCTCAG",279,"biopsy","biopsy","control","control","NONE",2011-07-06,1997-01-20,"14 years 5 Months","Male","White",,"No","No","Unknown","Yes","No","No","No","No","0","OD","5","PRJNA451431","SAMN08970724","SRP142289","SRS3211868","SRR7056581"
"EOE_2014_262.1S","262.1S","262",0,2014,"CGGCATTA","CTGCTGCCTYCCGTA","AGAGTTTGATCCTGGCTCAG",222,"swab","swab","control","control","NONE",2011-07-06,1997-01-20,"14 years 5 Months","Male","White",,"No","No","Unknown","Yes","No","No","No","No","0","OD","5","PRJNA451431","SAMN08970725","SRP142289","SRS3212053","SRR7056394"
"EOE_2012_263.1B","263.1B","263",0,2012,"AACGTTCG","CTGCTGCCTYCCGTA","AGAGTTTGATCCTGGCTCAG",314,"biopsy","biopsy","control","control","OBSTRUCTIVE",2011-07-08,1993-12-26,"17 years 6 Months","Male","White",,"No","No","Yes","Yes","No","No","No","No","0","OD","5","PRJNA451431","SAMN08970726","SRP142289","SRS3212056","SRR7056393"
"EOE_2012_263.1S","263.1S","263",0,2012,"ATATGGCC","CTGCTGCCTYCCGTA","AGAGTTTGATCCTGGCTCAG",269,"swab","swab","control","control","OBSTRUCTIVE ",2011-07-08,1993-12-26,"17 years 6 Months","Male","White",,"No","No","Yes","Yes","No","No","No","No","0","OD","5","PRJNA451431","SAMN08970727","SRP142289","SRS3212051","SRR7056396"
"EOE_2014_265.1B","265.1B","265",1,2014,"TGCTGAAC","CTGCTGCCTYCCGTA","AGAGTTTGATCCTGGCTCAG",303,"biopsy","biopsy","EoE","Active ","GER.ABDOMINAL",2011-07-08,1998-05-17,"13 years 1 Months","Male","White",2011-07-08,"No","No","No","Yes","No","Yes","No","Yes","20","OD","1","PRJNA451431","SAMN08970728","SRP142289","SRS3212054","SRR7056395"
"EOE_2014_265.1S","265.1S","265",1,2014,"GGATCCTA","CTGCTGCCTYCCGTA","AGAGTTTGATCCTGGCTCAG",239,"swab","swab","EoE","Active ","GER.ABDOMINAL",2011-07-08,1998-05-17,"13 years 1 Months","Male","White",2011-07-08,"No","No","No","Yes","No","Yes","No","Yes","20","OD","1","PRJNA451431","SAMN08970729","SRP142289","SRS3212050","SRR7056398"
"EOE_2014_265.2B","265.2B","265",2,2014,"TGGACATC","CTGCTGCCTYCCGTA","AGAGTTTGATCCTGGCTCAG",304,"biopsy","biopsy","EoE","Active ","ABDOMINAL",2011-11-09,1998-05-17,"13 years 5 Months","Male","White",2011-07-08,"Yes","No","No","Yes","No","No","Yes","Yes","23","d","1","PRJNA451431","SAMN08970730","SRP142289","SRS3212052","SRR7056397"
"EOE_2014_265.2S","265.2S","265",2,2014,"GGCCATTA","CTGCTGCCTYCCGTA","AGAGTTTGATCCTGGCTCAG",240,"swab","swab","EoE","Active ","ABDOMINAL",2011-11-09,1998-05-17,"13 years 5 Months","Male","White",2011-07-08,"Yes","No","No","Yes","No","No","Yes","Yes","23","d","1","PRJNA451431","SAMN08970731","SRP142289","SRS3212048","SRR7056400"
"EOE_2012_283.1B","283.1B","283",0,2012,"AAGCTTCG","CTGCTGCCTYCCGTA","AGAGTTTGATCCTGGCTCAG",315,"biopsy","biopsy","control","control","OBSTRUCTIVE.GER",2011-07-28,1994-08-16,"16 years 11 Months","Male","African American",,"No","No","Yes","Yes","No","No","No","No","0","OD","5","PRJNA451431","SAMN08970732","SRP142289","SRS3212049","SRR7056399"
"EOE_2012_283.1S","283.1S","283",0,2012,"AATTGCGC","CTGCTGCCTYCCGTA","AGAGTTTGATCCTGGCTCAG",261,"swab","swab","control","control","OBSTRUCTIVE.GER",2011-07-28,1994-08-16,"16 years 11 Months","Male","African American",,"No","No","Yes","Yes","No","No","No","No","0","OD","5","PRJNA451431","SAMN08970733","SRP142289","SRS3212055","SRR7056392"
"EOE_2012_286.1B","286.1B","286",0,2012,"AATTCCGG","CTGCTGCCTYCCGTA","AGAGTTTGATCCTGGCTCAG",316,"biopsy","biopsy","control","control","ABDOMINAL",2011-08-01,1995-03-03,"16 years 4 Months","Male","White",,"No","No","Yes","Yes","No","No","No","No","0","OD","5","PRJNA451431","SAMN08970734","SRP142289","SRS3212057","SRR7056391"
"EOE_2012_286.1S","286.1S","286",0,2012,"ATGGATCC","CTGCTGCCTYCCGTA","AGAGTTTGATCCTGGCTCAG",270,"swab","swab","control","control","ABDOMINAL",2011-08-01,1995-03-03,"16 years 4 Months","Male","White",,"No","No","Yes","Yes","No","No","No","No","0","OD","5","PRJNA451431","SAMN08970735","SRP142289","SRS3212073","SRR7056374"
"EOE_2012_287.1B","287.1B","287",0,2012,"AATTCGCG","CTGCTGCCTYCCGTA","AGAGTTTGATCCTGGCTCAG",317,"biopsy","biopsy","control","control","NONE",2011-08-02,1996-11-05,"14 years 8 Months","Male","White",,"No","No","Yes","Yes","No","Yes","No","No","0","OD","5","PRJNA451431","SAMN08970736","SRP142289","SRS3212071","SRR7056375"
"EOE_2012_287.1S","287.1S","287",0,2012,"ATGGTACC","CTGCTGCCTYCCGTA","AGAGTTTGATCCTGGCTCAG",271,"swab","swab","control","control","NONE",2011-08-02,1996-11-05,"14 years 8 Months","Male","White",,"No","No","Yes","Yes","No","Yes","No","No","0","OD","5","PRJNA451431","SAMN08970737","SRP142289","SRS3212072","SRR7056376"
"EOE_2012_294.1B","294.1B","294",0,2012,"AATTGCCG","CTGCTGCCTYCCGTA","AGAGTTTGATCCTGGCTCAG",318,"biopsy","biopsy","control","control","GER.ABDOMINAL",2011-08-22,2007-08-14,"4 years 0 Months","Male","African American",,"No","No","Yes","Yes","No","Yes","No","No","0","OD","5","PRJNA451431","SAMN08970738","SRP142289","SRS3212070","SRR7056377"
"EOE_2012_294.1S","294.1S","294",0,2012,"AATTGGCC","CTGCTGCCTYCCGTA","AGAGTTTGATCCTGGCTCAG",262,"swab","swab","control","control","GER.ABDOMINAL",2011-08-22,2007-08-14,"4 years 0 Months","Male","African American",,"No","No","Yes","Yes","No","Yes","No","No","0","OD","5","PRJNA451431","SAMN08970739","SRP142289","SRS3212077","SRR7056370"
"EOE_2012_297.1B","297.1B","297",0,2012,"ACCAGTTG","CTGCTGCCTYCCGTA","AGAGTTTGATCCTGGCTCAG",319,"biopsy","biopsy","control","control","GER",2011-08-26,2002-03-21,"9 years 5 Months","Male","White",,"No","No","Yes","Yes","No","Yes","Yes","No","0","OD","5","PRJNA451431","SAMN08970740","SRP142289","SRS3212076","SRR7056371"
"EOE_2012_297.1S","297.1S","297",0,2012,"ACGAGTTC","CTGCTGCCTYCCGTA","AGAGTTTGATCCTGGCTCAG",263,"swab","swab","control","control","GER",2011-08-26,2002-03-21,"9 years 5 Months","Male","White",,"No","No","Yes","Yes","No","Yes","Yes","No","0","OD","5","PRJNA451431","SAMN08970741","SRP142289","SRS3212075","SRR7056372"
"EOE_2014_301.1B","301.1B","301",0,2014,"CGTTAAGC","CTGCTGCCTYCCGTA","AGAGTTTGATCCTGGCTCAG",282,"biopsy","biopsy","control","control","GER",2011-09-02,2007-04-12,"4 years 4 Months","Male","White",,"No","No","Yes","Yes","No","No","No","No","0","OD","5","PRJNA451431","SAMN08970742","SRP142289","SRS3212074","SRR7056373"
"EOE_2014_301.1S","301.1S","301",0,2014,"AGCTTCGA","CTGCTGCCTYCCGTA","AGAGTTTGATCCTGGCTCAG",205,"swab","swab","control","control","GER",2011-09-02,2007-04-12,"4 years 4 Months","Male","White",,"No","No","Yes","Yes","No","No","No","No","0","OD","5","PRJNA451431","SAMN08970743","SRP142289","SRS3212081","SRR7056366"
"EOE_2014_304.1B","304.1B","304",0,2014,"CTAGGATC","CTGCTGCCTYCCGTA","AGAGTTTGATCCTGGCTCAG",283,"biopsy","biopsy","control","control","OBSTRUCTIVE.GER",2011-09-08,2001-02-24,"10 years 6 Months","Male","White",,"No","No","Yes","Yes","No","No","Yes","No","0","OD","5","PRJNA451431","SAMN08970744","SRP142289","SRS3212080","SRR7056367"
"EOE_2014_304.1S","304.1S","304",0,2014,"AGCTTGCA","CTGCTGCCTYCCGTA","AGAGTTTGATCCTGGCTCAG",206,"swab","swab","control","control","OBSTRUCTIVE.GER",2011-09-08,2001-02-24,"10 years 6 Months","Male","White",,"No","No","Yes","Yes","No","No","Yes","No","0","OD","5","PRJNA451431","SAMN08970745","SRP142289","SRS3212042","SRR7056406"
"EOE_2014_305.1B","305.1B","305",0,2014,"CTAGGTAC","CTGCTGCCTYCCGTA","AGAGTTTGATCCTGGCTCAG",284,"biopsy","biopsy","control","control","GER",2011-09-08,2001-08-15,"10 years 0 Months","Male","White",,"No","No","No","Yes","No","Yes","Yes","No","1","OD","5","PRJNA451431","SAMN08970746","SRP142289","SRS3212043","SRR7056405"
"EOE_2014_305.1S","305.1S","305",0,2014,"AGGTTCCA","CTGCTGCCTYCCGTA","AGAGTTTGATCCTGGCTCAG",207,"swab","swab","control","control","GER",2011-09-08,2001-08-15,"10 years 0 Months","Male","White",,"No","No","No","Yes","No","Yes","Yes","No","1","OD","5","PRJNA451431","SAMN08970747","SRP142289","SRS3212044","SRR7056404"
"EOE_2014_309.1B","309.1B","309",0,2014,"CTGAAGTC","CTGCTGCCTYCCGTA","AGAGTTTGATCCTGGCTCAG",285,"biopsy","biopsy","control","control","ABDOMINAL",2011-09-15,2002-03-28,"9 years 5 Months","Male","White",,"No","No","Unknown","Yes","No","No","No","No","1","OD","5","PRJNA451431","SAMN08970748","SRP142289","SRS3212047","SRR7056403"
"EOE_2014_309.1S","309.1S","309",0,2014,"AGTCCTGA","CTGCTGCCTYCCGTA","AGAGTTTGATCCTGGCTCAG",208,"swab","swab","control","control","ABDOMINAL",2011-09-15,2002-03-28,"9 years 5 Months","Male","White",,"No","No","Unknown","Yes","No","No","No","No","1","OD","5","PRJNA451431","SAMN08970749","SRP142289","SRS3212037","SRR7056410"
"EOE_2014_320.1B","320.1B","320",1,2014,"AATTGCCG","CTGCTGCCTYCCGTA","AGAGTTTGATCCTGGCTCAG",318,"biopsy","biopsy","EoE","Active ","NONE",2011-09-26,2007-09-13,"4 years 0 Months","Male","White",2011-05-26,"Yes","No","Yes","Yes","No","No","No","Yes","40","RD","2","PRJNA451431","SAMN08970750","SRP142289","SRS3212039","SRR7056409"
"EOE_2014_320.1S","320.1S","320",1,2014,"GGCCTATA","CTGCTGCCTYCCGTA","AGAGTTTGATCCTGGCTCAG",241,"swab","swab","EoE","Active ","NONE",2011-09-26,2007-09-13,"4 years 0 Months","Male","White",2011-05-26,"Yes","No","Yes","Yes","No","No","No","Yes","40","RD","2","PRJNA451431","SAMN08970751","SRP142289","SRS3212040","SRR7056408"
"EOE_2014_320.2B","320.2B","320",2,2014,"TAATGCGC","CTGCTGCCTYCCGTA","AGAGTTTGATCCTGGCTCAG",296,"biopsy","biopsy","EoE","Inactive ","NONE",2012-03-23,2007-09-13,"4 years 6 Months","Male","White",2011-05-26,"Yes","No","Yes","Yes","No","No","No","Yes","0","d","2","PRJNA451431","SAMN08970752","SRP142289","SRS3212041","SRR7056407"
"EOE_2014_320.2S","320.2S","320",2,2014,"CTTGAGCA","CTGCTGCCTYCCGTA","AGAGTTTGATCCTGGCTCAG",230,"swab","swab","EoE","Inactive ","NONE",2012-03-23,2007-09-13,"4 years 6 Months","Male","White",2011-05-26,"Yes","No","Yes","Yes","No","No","No","Yes","0","d","2","PRJNA451431","SAMN08970753","SRP142289","SRS3212045","SRR7056402"
"EOE_2014_340.1B","340.1B","340",0,2014,"CTTGGAAC","CTGCTGCCTYCCGTA","AGAGTTTGATCCTGGCTCAG",286,"biopsy","biopsy","control","control","GER",2011-11-02,2001-11-27,"9 years 11 Months","Male","White",,"No","No","Yes","Yes","No","No","No","No","0","OD","5","PRJNA451431","SAMN08970754","SRP142289","SRS3212046","SRR7056401"
"EOE_2014_340.1S","340.1S","340",0,2014,"ATCCGGTA","CTGCTGCCTYCCGTA","AGAGTTTGATCCTGGCTCAG",209,"swab","swab","control","control","GER",2011-11-02,2001-11-27,"9 years 11 Months","Male","White",,"No","No","Yes","Yes","No","No","No","No","0","OD","5","PRJNA451431","SAMN08970755","SRP142289","SRS3212021","SRR7056427"
"EOE_2014_354.1B","354.1B","354",0,2014,"GACTTGAC","CTGCTGCCTYCCGTA","AGAGTTTGATCCTGGCTCAG",287,"biopsy","biopsy","control","control","NONE",2011-12-08,2005-07-30,"6 years 4 Months","Male","White",,"No","No","No","Yes","No","No","No","No","0","OD","5","PRJNA451431","SAMN08970756","SRP142289","SRS3212022","SRR7056428"
"EOE_2014_354.1S","354.1S","354",0,2014,"ATCGGCTA","CTGCTGCCTYCCGTA","AGAGTTTGATCCTGGCTCAG",210,"swab","swab","control","control","NONE",2011-12-08,2005-07-30,"6 years 4 Months","Male","White",,"No","No","No","Yes","No","No","No","No","0","OD","5","PRJNA451431","SAMN08970757","SRP142289","SRS3212023","SRR7056425"
"EOE_2014_355.1B","355.1B","355",0,2014,"GAGTTCAC","CTGCTGCCTYCCGTA","AGAGTTTGATCCTGGCTCAG",288,"biopsy","biopsy","control","control","ABDOMINAL",2011-12-09,2000-09-13,"11 years 2 Months","Female","White",,"No","No","Unknown","Yes","No","No","No","No","0","OD","5","PRJNA451431","SAMN08970758","SRP142289","SRS3212020","SRR7056426"
"EOE_2014_355.1S","355.1S","355",0,2014,"ATGCCGTA","CTGCTGCCTYCCGTA","AGAGTTTGATCCTGGCTCAG",211,"swab","swab","control","control","ABDOMINAL",2011-12-09,2000-09-13,"11 years 2 Months","Female","White",,"No","No","Unknown","Yes","No","No","No","No","0","OD","5","PRJNA451431","SAMN08970759","SRP142289","SRS3212026","SRR7056423"
"EOE_2014_368.2B","368.2B","368",1,2014,"ACCAGTTG","CTGCTGCCTYCCGTA","AGAGTTTGATCCTGGCTCAG",319,"biopsy","biopsy","EoE","Inactive ","GER.ABDOMINAL",2012-05-25,2000-07-27,"11 years 9 Months","Male","African American",2011-12-30,"Yes","No","No","Yes","No","Yes","Yes","Yes","8","RD","3","PRJNA451431","SAMN08970760","SRP142289","SRS3212024","SRR7056424"
"EOE_2014_368.2S","368.2S","368",1,2014,"GATGTCCA","CTGCTGCCTYCCGTA","AGAGTTTGATCCTGGCTCAG",231,"swab","swab","EoE","Inactive ","GER.ABDOMINAL",2012-05-25,2000-07-27,"11 years 9 Months","Male","African American",2011-12-30,"Yes","No","No","Yes","No","Yes","Yes","Yes","8","RD","3","PRJNA451431","SAMN08970761","SRP142289","SRS3212025","SRR7056421"
"EOE_2014_392.1B","392.1B","392",1,2014,"ACCTGATG","CTGCTGCCTYCCGTA","AGAGTTTGATCCTGGCTCAG",320,"biopsy","biopsy","EoE","Active ","GER",2012-02-15,2009-07-03,"2 years 7 Months","Male","White",2012-02-15,"No","No","Yes","Yes","No","No","No","Yes","22","OD","1","PRJNA451431","SAMN08970762","SRP142289","SRS3212027","SRR7056422"
"EOE_2014_392.1S","392.1S","392",1,2014,"GGCCTTAA","CTGCTGCCTYCCGTA","AGAGTTTGATCCTGGCTCAG",242,"swab","swab","EoE","Active ","GER",2012-02-15,2009-07-03,"2 years 7 Months","Male","White",2012-02-15,"No","No","Yes","Yes","No","No","No","Yes","22","OD","1","PRJNA451431","SAMN08970763","SRP142289","SRS3212017","SRR7056429"
"EOE_2014_392.2B","392.2B","392",2,2014,"TTAACGGC","CTGCTGCCTYCCGTA","AGAGTTTGATCCTGGCTCAG",307,"biopsy","biopsy","EoE","Active ","NONE",2012-06-04,2009-07-03,"2 years 11 Months","Male","White",2012-02-15,"Yes","No","Yes","Yes","No","No","No","Yes","20","d","1","PRJNA451431","SAMN08970764","SRP142289","SRS3212019","SRR7056430"
"EOE_2014_392.2S","392.2S","392",2,2014,"GGTACCTA","CTGCTGCCTYCCGTA","AGAGTTTGATCCTGGCTCAG",243,"swab","swab","EoE","Active ","NONE",2012-06-04,2009-07-03,"2 years 11 Months","Male","White",2012-02-15,"Yes","No","Yes","Yes","No","No","No","Yes","20","d","1","PRJNA451431","SAMN08970765","SRP142289","SRS3212003","SRR7056446"
"EOE_2014_414.1B","414.1B","414",1,2014,"AGCACTTG","CTGCTGCCTYCCGTA","AGAGTTTGATCCTGGCTCAG",323,"biopsy","biopsy","EoE","Active ","NONE",2012-04-04,2002-09-10,"9 years 6 Months","Male","White",2012-04-04,"No","No","Unknown","Yes","No","Yes","Yes","Yes","30","OD","2","PRJNA451431","SAMN08970766","SRP142289","SRS3212007","SRR7056445"
"EOE_2014_414.1S","414.1S","414",1,2014,"GTAGTCCA","CTGCTGCCTYCCGTA","AGAGTTTGATCCTGGCTCAG",245,"swab","swab","EoE","Active ","NONE",2012-04-04,2002-09-10,"9 years 6 Months","Male","White",2012-04-04,"No","No","Unknown","Yes","No","Yes","Yes","Yes","30","OD","2","PRJNA451431","SAMN08970767","SRP142289","SRS3212001","SRR7056448"
"EOE_2014_414.2B","414.2B","414",2,2014,"ACCTGTAG","CTGCTGCCTYCCGTA","AGAGTTTGATCCTGGCTCAG",321,"biopsy","biopsy","EoE","Inactive ","UNKNOWN",2012-08-13,2002-09-10,"9 years 11 Months","Male","White",2012-04-04,"Yes","No","Unknown","Yes","No","Yes","Yes","Yes","1","d","2","PRJNA451431","SAMN08970768","SRP142289","SRS3212002","SRR7056447"
"EOE_2014_414.2S","414.2S","414",2,2014,"GCCGATTA","CTGCTGCCTYCCGTA","AGAGTTTGATCCTGGCTCAG",232,"swab","swab","EoE","Inactive ","UNKNOWN",2012-08-13,2002-09-10,"9 years 11 Months","Male","White",2012-04-04,"Yes","No","Unknown","Yes","No","Yes","Yes","Yes","1","d","2","PRJNA451431","SAMN08970769","SRP142289","SRS3212006","SRR7056442"
"EOE_2014_417.1B","417.1B","417",1,2014,"ATATCCGG","CTGCTGCCTYCCGTA","AGAGTTTGATCCTGGCTCAG",324,"biopsy","biopsy","EoE","Active ","OBSTRUCTIVE",2012-04-18,2002-01-08,"10 years 3 Months","Male","White",2012-04-18,"Yes","No","Unknown","Yes","No","No","Yes","Yes","80","RD","2","PRJNA451431","SAMN08970770","SRP142289","SRS3212010","SRR7056441"
"EOE_2014_417.1S","417.1S","417",1,2014,"GTTCACGA","CTGCTGCCTYCCGTA","AGAGTTTGATCCTGGCTCAG",246,"swab","swab","EoE","Active ","OBSTRUCTIVE",2012-04-18,2002-01-08,"10 years 3 Months","Male","White",2012-04-18,"Yes","No","Unknown","Yes","No","No","Yes","Yes","80","RD","2","PRJNA451431","SAMN08970771","SRP142289","SRS3212005","SRR7056444"
"EOE_2014_417.2B","417.2B","417",2,2014,"ACGACTTG","CTGCTGCCTYCCGTA","AGAGTTTGATCCTGGCTCAG",322,"biopsy","biopsy","EoE","Inactive ","OBSTRUCTIVE",2012-08-29,2002-01-08,"10 years 7 Months","Male","White",2012-04-18,"Yes","No","Unknown","Yes","No","No","Yes","Yes","0","d","2","PRJNA451431","SAMN08970772","SRP142289","SRS3212004","SRR7056443"
"EOE_2014_417.2S","417.2S","417",2,2014,"GCCGTATA","CTGCTGCCTYCCGTA","AGAGTTTGATCCTGGCTCAG",233,"swab","swab","EoE","Inactive ","OBSTRUCTIVE",2012-08-29,2002-01-08,"10 years 7 Months","Male","White",2012-04-18,"Yes","No","Unknown","Yes","No","No","Yes","Yes","0","d","2","PRJNA451431","SAMN08970773","SRP142289","SRS3212000","SRR7056450"
"EOE_2014_428.2B","428.2B","428",2,2014,"CTGAACTG","CTGCTGCCTYCCGTA","AGAGTTTGATCCTGGCTCAG",338,"biopsy","biopsy","EoE","Active ","NONE",2013-05-13,2005-04-26,"8 years 0 Months","Male","White",2012-05-03,"Yes","No","No","Yes","No","No","Yes","Yes","30","d","1","PRJNA451431","SAMN08970774","SRP142289","SRS3211999","SRR7056449"
"EOE_2014_428.2S","428.2S","428",2,2014,"AATTGCGC","CTGCTGCCTYCCGTA","AGAGTTTGATCCTGGCTCAG",261,"swab","swab","EoE","Active ","NONE",2013-05-13,2005-04-26,"8 years 0 Months","Male","White",2012-05-03,"Yes","No","No","Yes","No","No","Yes","Yes","30","d","1","PRJNA451431","SAMN08970775","SRP142289","SRS3211926","SRR7056522"
"EOE_2014_443.2B","443.2B","443",1,2014,"ATATGCCG","CTGCTGCCTYCCGTA","AGAGTTTGATCCTGGCTCAG",325,"biopsy","biopsy","EoE","Active ","OBSTRUCTIVE",2012-10-02,2006-06-07,"6 years 3 Months","Male","White",2012-06-22,"Yes","No","No","Yes","No","Yes","Yes","Yes","60","RD","1","PRJNA451431","SAMN08970776","SRP142289","SRS3211925","SRR7056523"
"EOE_2014_443.2S","443.2S","443",1,2014,"GTTCAGCA","CTGCTGCCTYCCGTA","AGAGTTTGATCCTGGCTCAG",247,"swab","swab","EoE","Active ","OBSTRUCTIVE",2012-10-02,2006-06-07,"6 years 3 Months","Male","White",2012-06-22,"Yes","No","No","Yes","No","Yes","Yes","Yes","60","RD","1","PRJNA451431","SAMN08970777","SRP142289","SRS3211924","SRR7056524"
"EOE_2014_443.3B","443.3B","443",2,2014,"ATCCATGG","CTGCTGCCTYCCGTA","AGAGTTTGATCCTGGCTCAG",326,"biopsy","biopsy","EoE","Active ","ABDOMINAL",2012-12-17,2006-06-07,"6 years 6 Months","Male","White",2012-06-22,"Yes","No","No","Yes","No","Yes","Yes","Yes","40","d","1","PRJNA451431","SAMN08970778","SRP142289","SRS3211923","SRR7056525"
"EOE_2014_443.3S","443.3S","443",2,2014,"GTTGACCA","CTGCTGCCTYCCGTA","AGAGTTTGATCCTGGCTCAG",248,"swab","swab","EoE","Active ","ABDOMINAL",2012-12-17,2006-06-07,"6 years 6 Months","Male","White",2012-06-22,"Yes","No","No","Yes","No","Yes","Yes","Yes","40","d","1","PRJNA451431","SAMN08970779","SRP142289","SRS3211922","SRR7056526"
"EOE_2014_445.1B","445.1B","445",1,2014,"ATCCTAGG","CTGCTGCCTYCCGTA","AGAGTTTGATCCTGGCTCAG",327,"biopsy","biopsy","EoE","Active ","NONE",2012-06-25,2001-07-13,"10 years 11 Months","Female","White",2010-06-08,"Yes","No","Yes","Yes","No","No","Yes","Yes","50","RD","1","PRJNA451431","SAMN08970780","SRP142289","SRS3211920","SRR7056527"
"EOE_2014_445.1S","445.1S","445",1,2014,"TACGGCTA","CTGCTGCCTYCCGTA","AGAGTTTGATCCTGGCTCAG",249,"swab","swab","EoE","Active ","NONE",2012-06-25,2001-07-13,"10 years 11 Months","Female","White",2010-06-08,"Yes","No","Yes","Yes","No","No","Yes","Yes","50","RD","1","PRJNA451431","SAMN08970781","SRP142289","SRS3211921","SRR7056528"
"EOE_2014_445.2B","445.2B","445",2,2014,"ATTACCGG","CTGCTGCCTYCCGTA","AGAGTTTGATCCTGGCTCAG",328,"biopsy","biopsy","EoE","Active ","OBSTRUCTIVE",2012-11-28,2001-07-13,"11 years 4 Months","Female","White",2010-06-08,"Yes","No","Yes","Yes","No","No","No","Yes","40","d","1","PRJNA451431","SAMN08970782","SRP142289","SRS3211918","SRR7056529"
"EOE_2014_445.2S","445.2S","445",2,2014,"TAGCCGTA","CTGCTGCCTYCCGTA","AGAGTTTGATCCTGGCTCAG",250,"swab","swab","EoE","Active ","OBSTRUCTIVE",2012-11-28,2001-07-13,"11 years 4 Months","Female","White",2010-06-08,"Yes","No","Yes","Yes","No","No","No","Yes","40","d","1","PRJNA451431","SAMN08970783","SRP142289","SRS3211928","SRR7056520"
"EOE_2014_447.1B","447.1B","447",0,2014,"GCATTAGC","CTGCTGCCTYCCGTA","AGAGTTTGATCCTGGCTCAG",289,"biopsy","biopsy","control","control","NONE",2012-06-28,2009-09-19,"2 years 9 Months","Male","White",,"No","No","Yes","Yes","No","No","No","No","0","OD","5","PRJNA451431","SAMN08970784","SRP142289","SRS3211927","SRR7056521"
"EOE_2014_447.1S","447.1S","447",0,2014,"ATGGCCTA","CTGCTGCCTYCCGTA","AGAGTTTGATCCTGGCTCAG",212,"swab","swab","control","control","NONE",2012-06-28,2009-09-19,"2 years 9 Months","Male","White",,"No","No","Yes","Yes","No","No","No","No","0","OD","5","PRJNA451431","SAMN08970785","SRP142289","SRS3211894","SRR7056555"
"EOE_2014_464.1B","464.1B","464",0,2014,"TTGCAAGC","CTGCTGCCTYCCGTA","AGAGTTTGATCCTGGCTCAG",311,"biopsy","biopsy","control","control","GER.ABDOMINAL",2012-08-15,2004-03-13,"8 years 5 Months","Male","White",,"No","No","No","Yes","No","No","No","No","0","OD","5","PRJNA451431","SAMN08970786","SRP142289","SRS3211895","SRR7056554"
"EOE_2014_464.1S","464.1S","464",0,2014,"AGGTCTAC","CTGCTGCCTYCCGTA","AGAGTTTGATCCTGGCTCAG",267,"swab","swab","control","control","GER.ABDOMINAL",2012-08-15,2004-03-13,"8 years 5 Months","Male","White",,"No","No","No","Yes","No","No","No","No","0","OD","5","PRJNA451431","SAMN08970787","SRP142289","SRS3211896","SRR7056553"
"EOE_2014_466.1B","466.1B","466",1,2014,"TTGGAACC","CTGCTGCCTYCCGTA","AGAGTTTGATCCTGGCTCAG",312,"biopsy","biopsy","EoE","Active ","NONE",2012-09-07,2002-05-17,"10 years 3 Months","Male","White",2005-11-22,"Yes","No","No","Yes","No","No","No","Yes","15","RD","1","PRJNA451431","SAMN08970788","SRP142289","SRS3211897","SRR7056552"
"EOE_2014_466.1S","466.1S","466",1,2014,"AATTCGCG","CTGCTGCCTYCCGTA","AGAGTTTGATCCTGGCTCAG",317,"swab","swab","EoE","Active ","NONE",2012-09-07,2002-05-17,"10 years 3 Months","Male","White",2005-11-22,"Yes","No","No","Yes","No","No","No","Yes","15","RD","1","PRJNA451431","SAMN08970789","SRP142289","SRS3211898","SRR7056551"
"EOE_2014_466.2B","466.2B","466",2,2014,"GAACCTTG","CTGCTGCCTYCCGTA","AGAGTTTGATCCTGGCTCAG",339,"biopsy","biopsy","EoE","Active ","NONE",2013-01-04,2002-05-17,"10 years 7 Months","Male","White",2005-11-22,"Yes","No","No","Yes","No","No","No","Yes","28","D","1","PRJNA451431","SAMN08970790","SRP142289","SRS3211899","SRR7056550"
"EOE_2014_466.2S","466.2S","466",2,2014,"AATTGGCC","CTGCTGCCTYCCGTA","AGAGTTTGATCCTGGCTCAG",262,"swab","swab","EoE","Active ","NONE",2013-01-04,2002-05-17,"10 years 7 Months","Male","White",2005-11-22,"Yes","No","No","Yes","No","No","No","Yes","28","D","1","PRJNA451431","SAMN08970791","SRP142289","SRS3211900","SRR7056549"
"EOE_2014_472.1B","472.1B","472",1,2014,"ATTACGCG","CTGCTGCCTYCCGTA","AGAGTTTGATCCTGGCTCAG",329,"biopsy","biopsy","EoE","Active ","NONE",2012-10-24,1996-10-27,"15 years 11 Months","Male","White",2012-10-24,"No","No","Yes","Yes","No","No","No","Yes","15","OD","2","PRJNA451431","SAMN08970792","SRP142289","SRS3211901","SRR7056548"
"EOE_2014_472.1S","472.1S","472",1,2014,"TCAGGTCA","CTGCTGCCTYCCGTA","AGAGTTTGATCCTGGCTCAG",251,"swab","swab","EoE","Active ","NONE",2012-10-24,1996-10-27,"15 years 11 Months","Male","White",2012-10-24,"No","No","Yes","Yes","No","No","No","Yes","15","OD","2","PRJNA451431","SAMN08970793","SRP142289","SRS3211891","SRR7056558"
"EOE_2014_472.2B","472.2B","472",2,2014,"ATTAGCCG","CTGCTGCCTYCCGTA","AGAGTTTGATCCTGGCTCAG",330,"biopsy","biopsy","EoE","Inactive ","NONE",2013-02-27,1996-10-27,"16 years 4 Months","Male","White",2012-10-24,"Yes","No","Yes","Yes","No","No","No","Yes","1","d","2","PRJNA451431","SAMN08970794","SRP142289","SRS3211892","SRR7056557"
"EOE_2014_472.2S","472.2S","472",2,2014,"TCTGGACA","CTGCTGCCTYCCGTA","AGAGTTTGATCCTGGCTCAG",252,"swab","swab","EoE","Inactive ","NONE",2013-02-27,1996-10-27,"16 years 4 Months","Male","White",2012-10-24,"Yes","No","Yes","Yes","No","No","No","Yes","1","d","2","PRJNA451431","SAMN08970795","SRP142289","SRS3211908","SRR7056541"
"EOE_2014_474.1B","474.1B","474",0,2014,"AACCTTGG","CTGCTGCCTYCCGTA","AGAGTTTGATCCTGGCTCAG",313,"biopsy","biopsy","control","control","OBSTRUCTIVE ",2012-12-02,2004-04-15,"8 years 7 Months","Male","White",,"No","No","Yes","Yes","No","No","No","No","1","OD","5","PRJNA451431","SAMN08970796","SRP142289","SRS3211909","SRR7056540"
"EOE_2014_474.1S","474.1S","474",0,2014,"ATATGGCC","CTGCTGCCTYCCGTA","AGAGTTTGATCCTGGCTCAG",269,"swab","swab","control","control","OBSTRUCTIVE ",2012-12-02,2004-04-15,"8 years 7 Months","Male","White",,"No","No","Yes","Yes","No","No","No","No","1","OD","5","PRJNA451431","SAMN08970797","SRP142289","SRS3211910","SRR7056539"
"EOE_2014_C01.22S","C01.22S","C0122",9,2014,"ACGAGTTC","CTGCTGCCTYCCGTA","AGAGTTTGATCCTGGCTCAG",263,"buffer","not applicable","buffer","buffer","buffer",,,"not applicable","not applicable","not applicable",,"not applicable","not applicable","not applicable","not applicable","not applicable","not applicable","not applicable","not applicable","not applicable","not applicable","not applicable",,,,,
"EOE_2014_C01.31S","C01.31S","C0131",9,2014,"ATGGATCC","CTGCTGCCTYCCGTA","AGAGTTTGATCCTGGCTCAG",270,"buffer","not applicable","buffer","buffer","buffer",,,"not applicable","not applicable","not applicable",,"not applicable","not applicable","not applicable","not applicable","not applicable","not applicable","not applicable","not applicable","not applicable","not applicable","not applicable","PRJNA451431","SAMN08970799","SRP142289","SRS3211904","SRR7056545"
"EOE_2014_C03.17HB","C03.17HB","C0317H",9,2014,"CGATTAGC","CTGCTGCCTYCCGTA","AGAGTTTGATCCTGGCTCAG",280,"buffer","not applicable","buffer","buffer","buffer",,,"not applicable","not applicable","not applicable",,"not applicable","not applicable","not applicable","not applicable","not applicable","not applicable","not applicable","not applicable","not applicable","not applicable","not applicable","PRJNA451431","SAMN08970800","SRP142289","SRS3211905","SRR7056544"
"EOE_2014_C03.17IB","C03.17IB","C0317I",9,2014,"GCTAATGC","CTGCTGCCTYCCGTA","AGAGTTTGATCCTGGCTCAG",290,"buffer","not applicable","buffer","buffer","buffer",,,"not applicable","not applicable","not applicable",,"not applicable","not applicable","not applicable","not applicable","not applicable","not applicable","not applicable","not applicable","not applicable","not applicable","not applicable","PRJNA451431","SAMN08970801","SRP142289","SRS3211906","SRR7056543"
"EOE_2014_C03.20JB","C03.20JB","C0320J",9,2014,"TATACGGC","CTGCTGCCTYCCGTA","AGAGTTTGATCCTGGCTCAG",300,"buffer","not applicable","buffer","buffer","buffer",,,"not applicable","not applicable","not applicable",,"not applicable","not applicable","not applicable","not applicable","not applicable","not applicable","not applicable","not applicable","not applicable","not applicable","not applicable","PRJNA451431","SAMN08970802","SRP142289","SRS3211907","SRR7056542"
"EOE_2014_C03.20KB","C03.20KB","C0320K",9,2014,"TTAAGCGC","CTGCTGCCTYCCGTA","AGAGTTTGATCCTGGCTCAG",308,"buffer","not applicable","buffer","buffer","buffer",,,"not applicable","not applicable","not applicable",,"not applicable","not applicable","not applicable","not applicable","not applicable","not applicable","not applicable","not applicable","not applicable","not applicable","not applicable","PRJNA451431","SAMN08970803","SRP142289","SRS3211916","SRR7056533"
"EOE_2014_C03.20LB","C03.20LB","C0320L",9,2014,"AACGTTCG","CTGCTGCCTYCCGTA","AGAGTTTGATCCTGGCTCAG",314,"buffer","not applicable","buffer","buffer","buffer",,,"not applicable","not applicable","not applicable",,"not applicable","not applicable","not applicable","not applicable","not applicable","not applicable","not applicable","not applicable","not applicable","not applicable","not applicable","PRJNA451431","SAMN08970804","SRP142289","SRS3211917","SRR7056532"
"EOE_2014_C04.03MB","C04.03MB","C0403M",9,2014,"CACTTGAG","CTGCTGCCTYCCGTA","AGAGTTTGATCCTGGCTCAG",331,"buffer","not applicable","buffer","buffer","buffer",,,"not applicable","not applicable","not applicable",,"not applicable","not applicable","not applicable","not applicable","not applicable","not applicable","not applicable","not applicable","not applicable","not applicable","not applicable","PRJNA451431","SAMN08970805","SRP142289","SRS3211943","SRR7056506"
"EOE_2014_C04.03NB","C04.03NB","C0403N",9,2014,"GACTTCAG","CTGCTGCCTYCCGTA","AGAGTTTGATCCTGGCTCAG",340,"buffer","not applicable","buffer","buffer","buffer",,,"not applicable","not applicable","not applicable",,"not applicable","not applicable","not applicable","not applicable","not applicable","not applicable","not applicable","not applicable","not applicable","not applicable","not applicable","PRJNA451431","SAMN08970806","SRP142289","SRS3211941","SRR7056507"
"EOE_2012_C05.09S","C05.09S","C0509",9,2012,"CCGGATTA","CTGCTGCCTYCCGTA","AGAGTTTGATCCTGGCTCAG",215,"buffer","not applicable","buffer","buffer","buffer",,,"not applicable","not applicable","not applicable",,"not applicable","not applicable","not applicable","not applicable","not applicable","not applicable","not applicable","not applicable","not applicable","not applicable","not applicable","PRJNA451431","SAMN08970807","SRP142289","SRS3211942","SRR7056508"
"EOE_2014_C06.03S","C06.03S","C0603",9,2014,"CCATGGTA","CTGCTGCCTYCCGTA","AGAGTTTGATCCTGGCTCAG",214,"buffer","not applicable","buffer","buffer","buffer",,,"not applicable","not applicable","not applicable",,"not applicable","not applicable","not applicable","not applicable","not applicable","not applicable","not applicable","not applicable","not applicable","not applicable","not applicable","PRJNA451431","SAMN08970808","SRP142289","SRS3211939","SRR7056509"
"EOE_2014_C06.10S","C06.10S","C0610",9,2014,"ACTGGTCA","CTGCTGCCTYCCGTA","AGAGTTTGATCCTGGCTCAG",204,"buffer","not applicable","buffer","buffer","buffer",,,"not applicable","not applicable","not applicable",,"not applicable","not applicable","not applicable","not applicable","not applicable","not applicable","not applicable","not applicable","not applicable","not applicable","not applicable","PRJNA451431","SAMN08970809","SRP142289","SRS3211948","SRR7056502"
"EOE_2012_C06.11S","C06.11S","C0611",9,2012,"CCTTGGAA","CTGCTGCCTYCCGTA","AGAGTTTGATCCTGGCTCAG",219,"buffer","not applicable","buffer","buffer","buffer",,,"not applicable","not applicable","not applicable",,"not applicable","not applicable","not applicable","not applicable","not applicable","not applicable","not applicable","not applicable","not applicable","not applicable","not applicable","PRJNA451431","SAMN08970810","SRP142289","SRS3211947","SRR7056503"
"EOE_2014_C09.09S","C09.09S","C0909",9,2014,"GCCGTTAA","CTGCTGCCTYCCGTA","AGAGTTTGATCCTGGCTCAG",234,"buffer","not applicable","buffer","buffer","buffer",,,"not applicable","not applicable","not applicable",,"not applicable","not applicable","not applicable","not applicable","not applicable","not applicable","not applicable","not applicable","not applicable","not applicable","not applicable","PRJNA451431","SAMN08970811","SRP142289","SRS3211945","SRR7056504"
"EOE_2014_C09.11S","C09.11S","C0911",9,2014,"GGTTCCAA","CTGCTGCCTYCCGTA","AGAGTTTGATCCTGGCTCAG",244,"buffer","not applicable","buffer","buffer","buffer",,,"not applicable","not applicable","not applicable",,"not applicable","not applicable","not applicable","not applicable","not applicable","not applicable","not applicable","not applicable","not applicable","not applicable","not applicable","PRJNA451431","SAMN08970812","SRP142289","SRS3211944","SRR7056505"
"EOE_2014_C09.19S","C09.19S","C0919",9,2014,"TGTCCAGA","CTGCTGCCTYCCGTA","AGAGTTTGATCCTGGCTCAG",254,"buffer","not applicable","buffer","buffer","buffer",,,"not applicable","not applicable","not applicable",,"not applicable","not applicable","not applicable","not applicable","not applicable","not applicable","not applicable","not applicable","not applicable","not applicable","not applicable",,,,,
"EOE_2012_C10.19S","C10.19S","C1019",9,2012,"AGCAGTTC","CTGCTGCCTYCCGTA","AGAGTTTGATCCTGGCTCAG",264,"buffer","not applicable","buffer","buffer","buffer",,,"not applicable","not applicable","not applicable",,"not applicable","not applicable","not applicable","not applicable","not applicable","not applicable","not applicable","not applicable","not applicable","not applicable","not applicable",,,,,
"EOE_2012_C11.08B","C11.08B","C1108",9,2012,"GCTAATGC","CTGCTGCCTYCCGTA","AGAGTTTGATCCTGGCTCAG",290,"buffer","not applicable","buffer","buffer","buffer",,,"not applicable","not applicable","not applicable",,"not applicable","not applicable","not applicable","not applicable","not applicable","not applicable","not applicable","not applicable","not applicable","not applicable","not applicable","PRJNA451431","SAMN08970815","SRP142289","SRS3212062","SRR7056382"
"EOE_2012_C11.09B","C11.09B","C1109",9,2012,"TATACGGC","CTGCTGCCTYCCGTA","AGAGTTTGATCCTGGCTCAG",300,"buffer","not applicable","buffer","buffer","buffer",,,"not applicable","not applicable","not applicable",,"not applicable","not applicable","not applicable","not applicable","not applicable","not applicable","not applicable","not applicable","not applicable","not applicable","not applicable","PRJNA451431","SAMN08970816","SRP142289","SRS3212068","SRR7056379"
"EOE_2012_C11.10B","C11.10B","C1110",9,2012,"TTCGAAGC","CTGCTGCCTYCCGTA","AGAGTTTGATCCTGGCTCAG",310,"buffer","not applicable","buffer","buffer","buffer",,,"not applicable","not applicable","not applicable",,"not applicable","not applicable","not applicable","not applicable","not applicable","not applicable","not applicable","not applicable","not applicable","not applicable","not applicable","PRJNA451431","SAMN08970817","SRP142289","SRS3212079","SRR7056369"
"EOE_2012_C11.18B","C11.18B","C1118",9,2012,"ATTAGCCG","CTGCTGCCTYCCGTA","AGAGTTTGATCCTGGCTCAG",330,"buffer","not applicable","buffer","buffer","buffer",,,"not applicable","not applicable","not applicable",,"not applicable","not applicable","not applicable","not applicable","not applicable","not applicable","not applicable","not applicable","not applicable","not applicable","not applicable","PRJNA451431","SAMN08970818","SRP142289","SRS3212078","SRR7056368"
"EOE_2012_C11.21B","C11.21B","C1121",9,2012,"GACTTCAG","CTGCTGCCTYCCGTA","AGAGTTTGATCCTGGCTCAG",340,"buffer","not applicable","buffer","buffer","buffer",,,"not applicable","not applicable","not applicable",,"not applicable","not applicable","not applicable","not applicable","not applicable","not applicable","not applicable","not applicable","not applicable","not applicable","not applicable","PRJNA451431","SAMN08970819","SRP142289","SRS3212082","SRR7056365"
